#! /usr/bin/vvp
:ivl_version "12.0 (stable)";
:ivl_delay_selection "TYPICAL";
:vpi_time_precision - 12;
:vpi_module "/usr/lib/x86_64-linux-gnu/ivl/system.vpi";
:vpi_module "/usr/lib/x86_64-linux-gnu/ivl/vhdl_sys.vpi";
:vpi_module "/usr/lib/x86_64-linux-gnu/ivl/vhdl_textio.vpi";
:vpi_module "/usr/lib/x86_64-linux-gnu/ivl/v2005_math.vpi";
:vpi_module "/usr/lib/x86_64-linux-gnu/ivl/va_math.vpi";
S_0x5fa261679860 .scope module, "tb_mesi_top" "tb_mesi_top" 2 18;
 .timescale -9 -12;
P_0x5fa261679100 .param/l "EXCLUSIVE" 1 2 64, C4<10>;
P_0x5fa261679140 .param/l "INVALID" 1 2 62, C4<00>;
P_0x5fa261679180 .param/l "MODIFIED" 1 2 65, C4<11>;
P_0x5fa2616791c0 .param/l "SHARED" 1 2 63, C4<01>;
v0x5fa2616ceba0_0 .var "clk", 0 0;
v0x5fa2616cec40_0 .var/i "cycle_count", 31 0;
v0x5fa2616ced20_0 .net "dbg_any_shared", 0 0, L_0x5fa2616d65a0;  1 drivers
v0x5fa2616cedc0_0 .net "dbg_bus_grant", 1 0, L_0x5fa2616d62b0;  1 drivers
v0x5fa2616cee60_0 .net "dbg_bus_phase", 1 0, L_0x5fa261696dc0;  1 drivers
v0x5fa2616cef50_0 .net "dbg_snoop_addr", 7 0, L_0x5fa2616d6320;  1 drivers
v0x5fa2616ceff0_0 .net "dbg_snoop_cmd", 2 0, L_0x5fa2616d6470;  1 drivers
v0x5fa2616cf090_0 .var/i "fail_count", 31 0;
v0x5fa2616cf150_0 .var/i "hit_count", 31 0;
v0x5fa2616cf230_0 .var "mesi_state", 1 0;
v0x5fa2616cf310_0 .var/i "miss_count", 31 0;
v0x5fa2616cf3f0_0 .var/i "pass_count", 31 0;
v0x5fa2616cf4d0_0 .net "pr0_ack", 0 0, v0x5fa2616c26d0_0;  1 drivers
v0x5fa2616cf570_0 .var "pr0_addr", 7 0;
v0x5fa2616cf680_0 .net "pr0_rdata", 7 0, v0x5fa2616c2810_0;  1 drivers
v0x5fa2616cf790_0 .var "pr0_req", 0 0;
v0x5fa2616cf880_0 .var "pr0_wdata", 7 0;
v0x5fa2616cfaa0_0 .var "pr0_we", 0 0;
v0x5fa2616cfb90_0 .net "pr1_ack", 0 0, v0x5fa2616c60c0_0;  1 drivers
v0x5fa2616cfc80_0 .var "pr1_addr", 7 0;
v0x5fa2616cfd90_0 .net "pr1_rdata", 7 0, v0x5fa2616c6200_0;  1 drivers
v0x5fa2616cfea0_0 .var "pr1_req", 0 0;
v0x5fa2616cff90_0 .var "pr1_wdata", 7 0;
v0x5fa2616d00a0_0 .var "pr1_we", 0 0;
v0x5fa2616d0190_0 .var "rdata0", 7 0;
v0x5fa2616d0270_0 .var "rdata1", 7 0;
v0x5fa2616d0350_0 .var "rst", 0 0;
v0x5fa2616d0500_0 .var/i "total_tests", 31 0;
S_0x5fa261678210 .scope task, "check" "check" 2 190, 2 190 0, S_0x5fa261679860;
 .timescale -9 -12;
v0x5fa26161c5e0_0 .var "condition", 0 0;
v0x5fa26161ca40_0 .var "test_name", 127 0;
TD_tb_mesi_top.check ;
    %load/vec4 v0x5fa2616d0500_0;
    %addi 1, 0, 32;
    %store/vec4 v0x5fa2616d0500_0, 0, 32;
    %load/vec4 v0x5fa26161c5e0_0;
    %flag_set/vec4 8;
    %jmp/0xz  T_0.0, 8;
    %vpi_call 2 196 "$display", "  [PASS] %s", v0x5fa26161ca40_0 {0 0 0};
    %load/vec4 v0x5fa2616cf3f0_0;
    %addi 1, 0, 32;
    %store/vec4 v0x5fa2616cf3f0_0, 0, 32;
    %jmp T_0.1;
T_0.0 ;
    %vpi_call 2 199 "$display", "  [FAIL] %s", v0x5fa26161ca40_0 {0 0 0};
    %load/vec4 v0x5fa2616cf090_0;
    %addi 1, 0, 32;
    %store/vec4 v0x5fa2616cf090_0, 0, 32;
T_0.1 ;
    %end;
S_0x5fa261643d80 .scope task, "core0_read" "core0_read" 2 90, 2 90 0, S_0x5fa261679860;
 .timescale -9 -12;
v0x5fa26161d0a0_0 .var "addr", 7 0;
v0x5fa26161a130_0 .var "rdata", 7 0;
v0x5fa26161a960_0 .var/i "timeout", 31 0;
E_0x5fa261576ef0 .event negedge, v0x5fa2616b26d0_0;
E_0x5fa2615773c0 .event posedge, v0x5fa2616b26d0_0;
TD_tb_mesi_top.core0_read ;
    %wait E_0x5fa261576ef0;
    %pushi/vec4 1, 0, 1;
    %store/vec4 v0x5fa2616cf790_0, 0, 1;
    %pushi/vec4 0, 0, 1;
    %store/vec4 v0x5fa2616cfaa0_0, 0, 1;
    %load/vec4 v0x5fa26161d0a0_0;
    %store/vec4 v0x5fa2616cf570_0, 0, 8;
    %pushi/vec4 0, 0, 8;
    %store/vec4 v0x5fa2616cf880_0, 0, 8;
    %pushi/vec4 0, 0, 32;
    %store/vec4 v0x5fa26161a960_0, 0, 32;
    %wait E_0x5fa2615773c0;
T_1.2 ;
    %load/vec4 v0x5fa2616cf4d0_0;
    %nor/r;
    %flag_set/vec4 9;
    %flag_get/vec4 9;
    %jmp/0 T_1.4, 9;
    %load/vec4 v0x5fa26161a960_0;
    %cmpi/s 200, 0, 32;
    %flag_get/vec4 5;
    %and;
T_1.4;
    %flag_set/vec4 8;
    %jmp/0xz T_1.3, 8;
    %wait E_0x5fa2615773c0;
    %load/vec4 v0x5fa26161a960_0;
    %addi 1, 0, 32;
    %store/vec4 v0x5fa26161a960_0, 0, 32;
    %jmp T_1.2;
T_1.3 ;
    %load/vec4 v0x5fa2616cf680_0;
    %store/vec4 v0x5fa26161a130_0, 0, 8;
    %pushi/vec4 0, 0, 1;
    %store/vec4 v0x5fa2616cf790_0, 0, 1;
    %wait E_0x5fa261576ef0;
    %load/vec4 v0x5fa26161a960_0;
    %cmpi/s 200, 0, 32;
    %flag_inv 5; GE is !LT
    %jmp/0xz  T_1.5, 5;
    %vpi_call 2 110 "$display", "  [TIMEOUT] core0_read addr=0x%02h", v0x5fa26161d0a0_0 {0 0 0};
T_1.5 ;
    %end;
S_0x5fa261678910 .scope task, "core0_write" "core0_write" 2 115, 2 115 0, S_0x5fa261679860;
 .timescale -9 -12;
v0x5fa2615ba960_0 .var "addr", 7 0;
v0x5fa26151ed20_0 .var/i "timeout", 31 0;
v0x5fa2616b0d00_0 .var "wdata", 7 0;
TD_tb_mesi_top.core0_write ;
    %wait E_0x5fa261576ef0;
    %pushi/vec4 1, 0, 1;
    %store/vec4 v0x5fa2616cf790_0, 0, 1;
    %pushi/vec4 1, 0, 1;
    %store/vec4 v0x5fa2616cfaa0_0, 0, 1;
    %load/vec4 v0x5fa2615ba960_0;
    %store/vec4 v0x5fa2616cf570_0, 0, 8;
    %load/vec4 v0x5fa2616b0d00_0;
    %store/vec4 v0x5fa2616cf880_0, 0, 8;
    %pushi/vec4 0, 0, 32;
    %store/vec4 v0x5fa26151ed20_0, 0, 32;
    %wait E_0x5fa2615773c0;
T_2.7 ;
    %load/vec4 v0x5fa2616cf4d0_0;
    %nor/r;
    %flag_set/vec4 9;
    %flag_get/vec4 9;
    %jmp/0 T_2.9, 9;
    %load/vec4 v0x5fa26151ed20_0;
    %cmpi/s 200, 0, 32;
    %flag_get/vec4 5;
    %and;
T_2.9;
    %flag_set/vec4 8;
    %jmp/0xz T_2.8, 8;
    %wait E_0x5fa2615773c0;
    %load/vec4 v0x5fa26151ed20_0;
    %addi 1, 0, 32;
    %store/vec4 v0x5fa26151ed20_0, 0, 32;
    %jmp T_2.7;
T_2.8 ;
    %pushi/vec4 0, 0, 1;
    %store/vec4 v0x5fa2616cf790_0, 0, 1;
    %pushi/vec4 0, 0, 1;
    %store/vec4 v0x5fa2616cfaa0_0, 0, 1;
    %wait E_0x5fa261576ef0;
    %load/vec4 v0x5fa26151ed20_0;
    %cmpi/s 200, 0, 32;
    %flag_inv 5; GE is !LT
    %jmp/0xz  T_2.10, 5;
    %vpi_call 2 135 "$display", "  [TIMEOUT] core0_write addr=0x%02h", v0x5fa2615ba960_0 {0 0 0};
T_2.10 ;
    %end;
S_0x5fa261678590 .scope task, "core1_read" "core1_read" 2 140, 2 140 0, S_0x5fa261679860;
 .timescale -9 -12;
v0x5fa2616b0e10_0 .var "addr", 7 0;
v0x5fa2616b0f10_0 .var "rdata", 7 0;
v0x5fa2616b0ff0_0 .var/i "timeout", 31 0;
TD_tb_mesi_top.core1_read ;
    %wait E_0x5fa261576ef0;
    %pushi/vec4 1, 0, 1;
    %store/vec4 v0x5fa2616cfea0_0, 0, 1;
    %pushi/vec4 0, 0, 1;
    %store/vec4 v0x5fa2616d00a0_0, 0, 1;
    %load/vec4 v0x5fa2616b0e10_0;
    %store/vec4 v0x5fa2616cfc80_0, 0, 8;
    %pushi/vec4 0, 0, 8;
    %store/vec4 v0x5fa2616cff90_0, 0, 8;
    %pushi/vec4 0, 0, 32;
    %store/vec4 v0x5fa2616b0ff0_0, 0, 32;
    %wait E_0x5fa2615773c0;
T_3.12 ;
    %load/vec4 v0x5fa2616cfb90_0;
    %nor/r;
    %flag_set/vec4 9;
    %flag_get/vec4 9;
    %jmp/0 T_3.14, 9;
    %load/vec4 v0x5fa2616b0ff0_0;
    %cmpi/s 200, 0, 32;
    %flag_get/vec4 5;
    %and;
T_3.14;
    %flag_set/vec4 8;
    %jmp/0xz T_3.13, 8;
    %wait E_0x5fa2615773c0;
    %load/vec4 v0x5fa2616b0ff0_0;
    %addi 1, 0, 32;
    %store/vec4 v0x5fa2616b0ff0_0, 0, 32;
    %jmp T_3.12;
T_3.13 ;
    %load/vec4 v0x5fa2616cfd90_0;
    %store/vec4 v0x5fa2616b0f10_0, 0, 8;
    %pushi/vec4 0, 0, 1;
    %store/vec4 v0x5fa2616cfea0_0, 0, 1;
    %wait E_0x5fa261576ef0;
    %load/vec4 v0x5fa2616b0ff0_0;
    %cmpi/s 200, 0, 32;
    %flag_inv 5; GE is !LT
    %jmp/0xz  T_3.15, 5;
    %vpi_call 2 160 "$display", "  [TIMEOUT] core1_read addr=0x%02h", v0x5fa2616b0e10_0 {0 0 0};
T_3.15 ;
    %end;
S_0x5fa2616b10b0 .scope task, "core1_write" "core1_write" 2 165, 2 165 0, S_0x5fa261679860;
 .timescale -9 -12;
v0x5fa2616b12e0_0 .var "addr", 7 0;
v0x5fa2616b13e0_0 .var/i "timeout", 31 0;
v0x5fa2616b14c0_0 .var "wdata", 7 0;
TD_tb_mesi_top.core1_write ;
    %wait E_0x5fa261576ef0;
    %pushi/vec4 1, 0, 1;
    %store/vec4 v0x5fa2616cfea0_0, 0, 1;
    %pushi/vec4 1, 0, 1;
    %store/vec4 v0x5fa2616d00a0_0, 0, 1;
    %load/vec4 v0x5fa2616b12e0_0;
    %store/vec4 v0x5fa2616cfc80_0, 0, 8;
    %load/vec4 v0x5fa2616b14c0_0;
    %store/vec4 v0x5fa2616cff90_0, 0, 8;
    %pushi/vec4 0, 0, 32;
    %store/vec4 v0x5fa2616b13e0_0, 0, 32;
    %wait E_0x5fa2615773c0;
T_4.17 ;
    %load/vec4 v0x5fa2616cfb90_0;
    %nor/r;
    %flag_set/vec4 9;
    %flag_get/vec4 9;
    %jmp/0 T_4.19, 9;
    %load/vec4 v0x5fa2616b13e0_0;
    %cmpi/s 200, 0, 32;
    %flag_get/vec4 5;
    %and;
T_4.19;
    %flag_set/vec4 8;
    %jmp/0xz T_4.18, 8;
    %wait E_0x5fa2615773c0;
    %load/vec4 v0x5fa2616b13e0_0;
    %addi 1, 0, 32;
    %store/vec4 v0x5fa2616b13e0_0, 0, 32;
    %jmp T_4.17;
T_4.18 ;
    %pushi/vec4 0, 0, 1;
    %store/vec4 v0x5fa2616cfea0_0, 0, 1;
    %pushi/vec4 0, 0, 1;
    %store/vec4 v0x5fa2616d00a0_0, 0, 1;
    %wait E_0x5fa261576ef0;
    %load/vec4 v0x5fa2616b13e0_0;
    %cmpi/s 200, 0, 32;
    %flag_inv 5; GE is !LT
    %jmp/0xz  T_4.20, 5;
    %vpi_call 2 185 "$display", "  [TIMEOUT] core1_write addr=0x%02h", v0x5fa2616b12e0_0 {0 0 0};
T_4.20 ;
    %end;
S_0x5fa2616b1580 .scope module, "dut" "top" 2 39, 3 7 0, S_0x5fa261679860;
 .timescale 0 0;
    .port_info 0 /INPUT 1 "clk";
    .port_info 1 /INPUT 1 "rst";
    .port_info 2 /INPUT 1 "pr0_req";
    .port_info 3 /INPUT 1 "pr0_we";
    .port_info 4 /INPUT 8 "pr0_addr";
    .port_info 5 /INPUT 8 "pr0_wdata";
    .port_info 6 /OUTPUT 1 "pr0_ack";
    .port_info 7 /OUTPUT 8 "pr0_rdata";
    .port_info 8 /INPUT 1 "pr1_req";
    .port_info 9 /INPUT 1 "pr1_we";
    .port_info 10 /INPUT 8 "pr1_addr";
    .port_info 11 /INPUT 8 "pr1_wdata";
    .port_info 12 /OUTPUT 1 "pr1_ack";
    .port_info 13 /OUTPUT 8 "pr1_rdata";
    .port_info 14 /OUTPUT 2 "dbg_bus_phase";
    .port_info 15 /OUTPUT 2 "dbg_bus_grant";
    .port_info 16 /OUTPUT 8 "dbg_snoop_addr";
    .port_info 17 /OUTPUT 3 "dbg_snoop_cmd";
    .port_info 18 /OUTPUT 1 "dbg_any_shared";
L_0x5fa261696dc0 .functor BUFZ 2, v0x5fa2616b3d70_0, C4<00>, C4<00>, C4<00>;
L_0x5fa2616d62b0 .functor BUFZ 2, v0x5fa2616b2370_0, C4<00>, C4<00>, C4<00>;
L_0x5fa2616d6320 .functor BUFZ 8, v0x5fa2616b4ec0_0, C4<00000000>, C4<00000000>, C4<00000000>;
L_0x5fa2616d6470 .functor BUFZ 3, v0x5fa2616b4f80_0, C4<000>, C4<000>, C4<000>;
L_0x5fa2616d65a0 .functor BUFZ 1, L_0x5fa26161a800, C4<0>, C4<0>, C4<0>;
v0x5fa2616c9480_0 .net "any_shared", 0 0, L_0x5fa26161a800;  1 drivers
v0x5fa2616c9540_0 .net "bus_grant", 1 0, v0x5fa2616b2370_0;  1 drivers
v0x5fa2616c9600_0 .net "bus_phase", 1 0, v0x5fa2616b3d70_0;  1 drivers
v0x5fa2616c96f0_0 .net "ca0_ev_addr", 7 0, L_0x5fa2616d2ed0;  1 drivers
v0x5fa2616c9800_0 .net "ca0_ev_data", 63 0, L_0x5fa26161c8a0;  1 drivers
v0x5fa2616c9960_0 .net "ca0_ev_mesi", 1 0, L_0x5fa2616d1120;  1 drivers
v0x5fa2616c9a70_0 .net "ca0_ev_set", 1 0, v0x5fa2616c19c0_0;  1 drivers
v0x5fa2616c9b80_0 .net "ca0_ev_way", 0 0, v0x5fa2616c1a90_0;  1 drivers
v0x5fa2616c9c70_0 .net "ca0_hit", 0 0, v0x5fa2616b8fd0_0;  1 drivers
v0x5fa2616c9da0_0 .net "ca0_hit_data", 63 0, v0x5fa2616b9090_0;  1 drivers
v0x5fa2616c9eb0_0 .net "ca0_hit_mesi", 1 0, v0x5fa2616b9170_0;  1 drivers
v0x5fa2616c9fc0_0 .net "ca0_hit_way", 0 0, v0x5fa2616b9250_0;  1 drivers
v0x5fa2616ca0b0_0 .net "ca0_lk_addr", 7 0, v0x5fa2616c1ea0_0;  1 drivers
v0x5fa2616ca1c0_0 .net "ca0_lru_way", 0 0, L_0x5fa26161c480;  1 drivers
v0x5fa2616ca2b0_0 .net "ca0_wr_addr", 7 0, v0x5fa2616c2040_0;  1 drivers
v0x5fa2616ca3c0_0 .net "ca0_wr_data", 63 0, v0x5fa2616c2110_0;  1 drivers
v0x5fa2616ca4d0_0 .net "ca0_wr_en", 0 0, v0x5fa2616c21e0_0;  1 drivers
v0x5fa2616ca5c0_0 .net "ca0_wr_mesi", 1 0, v0x5fa2616c22b0_0;  1 drivers
v0x5fa2616ca6d0_0 .net "ca0_wr_way", 0 0, v0x5fa2616c2380_0;  1 drivers
v0x5fa2616ca7c0_0 .net "ca1_ev_addr", 7 0, L_0x5fa2616d5890;  1 drivers
v0x5fa2616ca8d0_0 .net "ca1_ev_data", 63 0, L_0x5fa261619f90;  1 drivers
v0x5fa2616ca9e0_0 .net "ca1_ev_mesi", 1 0, L_0x5fa2616d3c30;  1 drivers
v0x5fa2616caaf0_0 .net "ca1_ev_set", 1 0, v0x5fa2616c53b0_0;  1 drivers
v0x5fa2616cac00_0 .net "ca1_ev_way", 0 0, v0x5fa2616c5480_0;  1 drivers
v0x5fa2616cacf0_0 .net "ca1_hit", 0 0, v0x5fa2616be050_0;  1 drivers
v0x5fa2616cade0_0 .net "ca1_hit_data", 63 0, v0x5fa2616be110_0;  1 drivers
v0x5fa2616caef0_0 .net "ca1_hit_mesi", 1 0, v0x5fa2616be1f0_0;  1 drivers
v0x5fa2616cb000_0 .net "ca1_hit_way", 0 0, v0x5fa2616be2d0_0;  1 drivers
v0x5fa2616cb0f0_0 .net "ca1_lk_addr", 7 0, v0x5fa2616c5890_0;  1 drivers
v0x5fa2616cb200_0 .net "ca1_lru_way", 0 0, L_0x5fa26161cf40;  1 drivers
v0x5fa2616cb2f0_0 .net "ca1_wr_addr", 7 0, v0x5fa2616c5a30_0;  1 drivers
v0x5fa2616cb400_0 .net "ca1_wr_data", 63 0, v0x5fa2616c5b00_0;  1 drivers
v0x5fa2616cb510_0 .net "ca1_wr_en", 0 0, v0x5fa2616c5bd0_0;  1 drivers
v0x5fa2616cb810_0 .net "ca1_wr_mesi", 1 0, v0x5fa2616c5ca0_0;  1 drivers
v0x5fa2616cb920_0 .net "ca1_wr_way", 0 0, v0x5fa2616c5d70_0;  1 drivers
v0x5fa2616cba10_0 .net "clk", 0 0, v0x5fa2616ceba0_0;  1 drivers
v0x5fa2616cbab0_0 .net "ctrl_addr_0", 7 0, v0x5fa2616c1210_0;  1 drivers
v0x5fa2616cbbc0_0 .net "ctrl_addr_1", 7 0, v0x5fa2616c4c20_0;  1 drivers
v0x5fa2616cbcd0_0 .net "ctrl_bus_req", 1 0, L_0x5fa2616d59d0;  1 drivers
v0x5fa2616cbde0_0 .net "ctrl_cmd_0", 2 0, v0x5fa2616c12b0_0;  1 drivers
v0x5fa2616cbef0_0 .net "ctrl_cmd_1", 2 0, v0x5fa2616c4cf0_0;  1 drivers
v0x5fa2616cc000_0 .net "ctrl_dv_0", 0 0, v0x5fa2616c1380_0;  1 drivers
v0x5fa2616cc0f0_0 .net "ctrl_dv_1", 0 0, v0x5fa2616c4dc0_0;  1 drivers
v0x5fa2616cc1e0_0 .net "ctrl_sh_0", 0 0, v0x5fa2616c15b0_0;  1 drivers
v0x5fa2616cc2d0_0 .net "ctrl_sh_1", 0 0, v0x5fa2616c4fa0_0;  1 drivers
v0x5fa2616cc3c0_0 .net "ctrl_wdata_0", 63 0, v0x5fa2616c1680_0;  1 drivers
v0x5fa2616cc4d0_0 .net "ctrl_wdata_1", 63 0, v0x5fa2616c5070_0;  1 drivers
v0x5fa2616cc5e0_0 .net "dbg_any_shared", 0 0, L_0x5fa2616d65a0;  alias, 1 drivers
v0x5fa2616cc6a0_0 .net "dbg_bus_grant", 1 0, L_0x5fa2616d62b0;  alias, 1 drivers
v0x5fa2616cc780_0 .net "dbg_bus_phase", 1 0, L_0x5fa261696dc0;  alias, 1 drivers
v0x5fa2616cc860_0 .net "dbg_snoop_addr", 7 0, L_0x5fa2616d6320;  alias, 1 drivers
v0x5fa2616cc940_0 .net "dbg_snoop_cmd", 2 0, L_0x5fa2616d6470;  alias, 1 drivers
v0x5fa2616cca20_0 .net "mem_addr", 7 0, v0x5fa2616b48f0_0;  1 drivers
v0x5fa2616ccb30_0 .net "mem_cmd", 2 0, v0x5fa2616b49d0_0;  1 drivers
v0x5fa2616ccc40_0 .net "mem_data", 63 0, v0x5fa2616c8c00_0;  1 drivers
v0x5fa2616ccd50_0 .net "mem_data_valid", 0 0, v0x5fa2616c8ca0_0;  1 drivers
v0x5fa2616cce40_0 .net "mem_req", 0 0, v0x5fa2616b4c50_0;  1 drivers
v0x5fa2616ccf30_0 .net "mem_wb_ack", 0 0, v0x5fa2616c8eb0_0;  1 drivers
v0x5fa2616ccfd0_0 .net "mem_wdata", 63 0, v0x5fa2616b4d10_0;  1 drivers
v0x5fa2616cd0c0_0 .net "pr0_ack", 0 0, v0x5fa2616c26d0_0;  alias, 1 drivers
v0x5fa2616cd160_0 .net "pr0_addr", 7 0, v0x5fa2616cf570_0;  1 drivers
v0x5fa2616cd200_0 .net "pr0_rdata", 7 0, v0x5fa2616c2810_0;  alias, 1 drivers
v0x5fa2616cd2a0_0 .net "pr0_req", 0 0, v0x5fa2616cf790_0;  1 drivers
v0x5fa2616cd340_0 .net "pr0_wdata", 7 0, v0x5fa2616cf880_0;  1 drivers
v0x5fa2616cd3e0_0 .net "pr0_we", 0 0, v0x5fa2616cfaa0_0;  1 drivers
v0x5fa2616cd890_0 .net "pr1_ack", 0 0, v0x5fa2616c60c0_0;  alias, 1 drivers
v0x5fa2616cd930_0 .net "pr1_addr", 7 0, v0x5fa2616cfc80_0;  1 drivers
v0x5fa2616cd9d0_0 .net "pr1_rdata", 7 0, v0x5fa2616c6200_0;  alias, 1 drivers
v0x5fa2616cda70_0 .net "pr1_req", 0 0, v0x5fa2616cfea0_0;  1 drivers
v0x5fa2616cdb10_0 .net "pr1_wdata", 7 0, v0x5fa2616cff90_0;  1 drivers
v0x5fa2616cdbb0_0 .net "pr1_we", 0 0, v0x5fa2616d00a0_0;  1 drivers
v0x5fa2616cdc50_0 .net "rst", 0 0, v0x5fa2616d0350_0;  1 drivers
v0x5fa2616cdcf0_0 .net "snoop_addr", 7 0, v0x5fa2616b4ec0_0;  1 drivers
v0x5fa2616cdd90_0 .net "snoop_cmd", 2 0, v0x5fa2616b4f80_0;  1 drivers
v0x5fa2616cde30_0 .net "snoop_data", 63 0, v0x5fa2616b5120_0;  1 drivers
v0x5fa2616cded0_0 .net "snoop_data_ready", 0 0, v0x5fa2616b5200_0;  1 drivers
v0x5fa2616cdf70_0 .net "snoop_valid", 0 0, v0x5fa2616b52c0_0;  1 drivers
L_0x5fa2616d3010 .part v0x5fa2616b2370_0, 0, 1;
L_0x5fa2616d59d0 .concat8 [ 1 1 0 0], v0x5fa2616c1510_0, v0x5fa2616c4f00_0;
L_0x5fa2616d5a70 .part v0x5fa2616b2370_0, 1, 1;
S_0x5fa2616b19d0 .scope module, "u_arbiter" "bus_arbiter" 3 160, 4 8 0, S_0x5fa2616b1580;
 .timescale 0 0;
    .port_info 0 /INPUT 1 "clk";
    .port_info 1 /INPUT 1 "rst";
    .port_info 2 /INPUT 2 "bus_req";
    .port_info 3 /INPUT 2 "bus_phase";
    .port_info 4 /OUTPUT 2 "bus_grant";
P_0x5fa261679210 .param/l "ARB_GRANT" 1 4 22, C4<01>;
P_0x5fa261679250 .param/l "ARB_IDLE" 1 4 21, C4<00>;
P_0x5fa261679290 .param/l "ARB_WAIT_COMPLETE" 1 4 23, C4<10>;
P_0x5fa2616792d0 .param/l "PHASE_IDLE" 1 4 18, C4<00>;
L_0x5fa261696d50 .functor NOT 1, L_0x5fa2616d5d00, C4<0>, C4<0>, C4<0>;
L_0x7a58b2fb7b58 .functor BUFT 1, C4<00>, C4<0>, C4<0>, C4<0>;
v0x5fa2616b1dd0_0 .net/2u *"_ivl_0", 1 0, L_0x7a58b2fb7b58;  1 drivers
v0x5fa2616b1ed0_0 .net *"_ivl_12", 0 0, L_0x5fa261696d50;  1 drivers
L_0x7a58b2fb7ba0 .functor BUFT 1, C4<0>, C4<0>, C4<0>, C4<0>;
v0x5fa2616b1fb0_0 .net/2u *"_ivl_4", 0 0, L_0x7a58b2fb7ba0;  1 drivers
L_0x7a58b2fb7be8 .functor BUFT 1, C4<1>, C4<0>, C4<0>, C4<0>;
v0x5fa2616b20a0_0 .net/2u *"_ivl_6", 0 0, L_0x7a58b2fb7be8;  1 drivers
v0x5fa2616b2180_0 .net "any_req", 0 0, L_0x5fa2616d6180;  1 drivers
v0x5fa2616b2290_0 .var "arb_state", 1 0;
v0x5fa2616b2370_0 .var "bus_grant", 1 0;
v0x5fa2616b2450_0 .net "bus_idle", 0 0, L_0x5fa2616d5c30;  1 drivers
v0x5fa2616b2510_0 .net "bus_phase", 1 0, v0x5fa2616b3d70_0;  alias, 1 drivers
v0x5fa2616b25f0_0 .net "bus_req", 1 0, L_0x5fa2616d59d0;  alias, 1 drivers
v0x5fa2616b26d0_0 .net "clk", 0 0, v0x5fa2616ceba0_0;  alias, 1 drivers
v0x5fa2616b2790_0 .var "current_grant", 0 0;
v0x5fa2616b2850_0 .net "grant_sel", 0 0, L_0x5fa2616d5f80;  1 drivers
v0x5fa2616b2910_0 .var "last_granted", 0 0;
v0x5fa2616b29d0_0 .net "rr_next", 0 0, L_0x5fa2616d5d00;  1 drivers
v0x5fa2616b2a90_0 .net "rr_valid", 0 0, L_0x5fa2616d5e50;  1 drivers
v0x5fa2616b2b50_0 .net "rst", 0 0, v0x5fa2616d0350_0;  alias, 1 drivers
E_0x5fa261574c20 .event posedge, v0x5fa2616b2b50_0, v0x5fa2616b26d0_0;
L_0x5fa2616d5c30 .cmp/eq 2, v0x5fa2616b3d70_0, L_0x7a58b2fb7b58;
L_0x5fa2616d5d00 .functor MUXZ 1, L_0x7a58b2fb7be8, L_0x7a58b2fb7ba0, v0x5fa2616b2910_0, C4<>;
L_0x5fa2616d5e50 .part/v L_0x5fa2616d59d0, L_0x5fa2616d5d00, 1;
L_0x5fa2616d5f80 .functor MUXZ 1, L_0x5fa261696d50, L_0x5fa2616d5d00, L_0x5fa2616d5e50, C4<>;
L_0x5fa2616d6180 .reduce/or L_0x5fa2616d59d0;
S_0x5fa2616b2dc0 .scope module, "u_bus" "bus_interface" 3 142, 5 10 0, S_0x5fa2616b1580;
 .timescale 0 0;
    .port_info 0 /INPUT 1 "clk";
    .port_info 1 /INPUT 1 "rst";
    .port_info 2 /INPUT 2 "bus_grant";
    .port_info 3 /INPUT 2 "ctrl_bus_req";
    .port_info 4 /INPUT 8 "ctrl_bus_addr_0";
    .port_info 5 /INPUT 3 "ctrl_bus_cmd_0";
    .port_info 6 /INPUT 64 "ctrl_bus_wdata_0";
    .port_info 7 /INPUT 1 "ctrl_data_valid_0";
    .port_info 8 /INPUT 1 "ctrl_bus_shared_0";
    .port_info 9 /INPUT 8 "ctrl_bus_addr_1";
    .port_info 10 /INPUT 3 "ctrl_bus_cmd_1";
    .port_info 11 /INPUT 64 "ctrl_bus_wdata_1";
    .port_info 12 /INPUT 1 "ctrl_data_valid_1";
    .port_info 13 /INPUT 1 "ctrl_bus_shared_1";
    .port_info 14 /OUTPUT 8 "snoop_addr";
    .port_info 15 /OUTPUT 3 "snoop_cmd";
    .port_info 16 /OUTPUT 1 "snoop_valid";
    .port_info 17 /OUTPUT 64 "snoop_data";
    .port_info 18 /OUTPUT 1 "snoop_data_ready";
    .port_info 19 /OUTPUT 1 "any_shared";
    .port_info 20 /INPUT 64 "mem_data";
    .port_info 21 /INPUT 1 "mem_data_valid";
    .port_info 22 /OUTPUT 8 "mem_addr";
    .port_info 23 /OUTPUT 3 "mem_cmd";
    .port_info 24 /OUTPUT 64 "mem_wdata";
    .port_info 25 /OUTPUT 1 "mem_req";
    .port_info 26 /OUTPUT 2 "bus_phase";
    .port_info 27 /OUTPUT 1 "active_core";
P_0x5fa2616b2f70 .param/l "CMD_BUSRD" 1 5 54, C4<001>;
P_0x5fa2616b2fb0 .param/l "CMD_BUSRDX" 1 5 55, C4<010>;
P_0x5fa2616b2ff0 .param/l "CMD_BUSUPGR" 1 5 56, C4<011>;
P_0x5fa2616b3030 .param/l "CMD_BUSWB" 1 5 57, C4<100>;
P_0x5fa2616b3070 .param/l "CMD_IDLE" 1 5 53, C4<000>;
P_0x5fa2616b30b0 .param/l "PHASE_ADDRESS" 1 5 60, C4<01>;
P_0x5fa2616b30f0 .param/l "PHASE_DATA" 1 5 62, C4<11>;
P_0x5fa2616b3130 .param/l "PHASE_IDLE" 1 5 59, C4<00>;
P_0x5fa2616b3170 .param/l "PHASE_SNOOP" 1 5 61, C4<10>;
L_0x5fa26161a800 .functor OR 1, v0x5fa2616c15b0_0, v0x5fa2616c4fa0_0, C4<0>, C4<0>;
v0x5fa2616b3860_0 .var "active_addr", 7 0;
v0x5fa2616b3940_0 .var "active_cmd", 2 0;
v0x5fa2616b3a20_0 .var "active_core", 0 0;
v0x5fa2616b3ac0_0 .var "active_wdata", 63 0;
v0x5fa2616b3ba0_0 .net "any_shared", 0 0, L_0x5fa26161a800;  alias, 1 drivers
v0x5fa2616b3cb0_0 .net "bus_grant", 1 0, v0x5fa2616b2370_0;  alias, 1 drivers
v0x5fa2616b3d70_0 .var "bus_phase", 1 0;
v0x5fa2616b3e40_0 .net "clk", 0 0, v0x5fa2616ceba0_0;  alias, 1 drivers
v0x5fa2616b3f10_0 .net "ctrl_bus_addr_0", 7 0, v0x5fa2616c1210_0;  alias, 1 drivers
v0x5fa2616b3fb0_0 .net "ctrl_bus_addr_1", 7 0, v0x5fa2616c4c20_0;  alias, 1 drivers
v0x5fa2616b4090_0 .net "ctrl_bus_cmd_0", 2 0, v0x5fa2616c12b0_0;  alias, 1 drivers
v0x5fa2616b4170_0 .net "ctrl_bus_cmd_1", 2 0, v0x5fa2616c4cf0_0;  alias, 1 drivers
v0x5fa2616b4250_0 .net "ctrl_bus_req", 1 0, L_0x5fa2616d59d0;  alias, 1 drivers
v0x5fa2616b4340_0 .net "ctrl_bus_shared_0", 0 0, v0x5fa2616c15b0_0;  alias, 1 drivers
v0x5fa2616b43e0_0 .net "ctrl_bus_shared_1", 0 0, v0x5fa2616c4fa0_0;  alias, 1 drivers
v0x5fa2616b44a0_0 .net "ctrl_bus_wdata_0", 63 0, v0x5fa2616c1680_0;  alias, 1 drivers
v0x5fa2616b4580_0 .net "ctrl_bus_wdata_1", 63 0, v0x5fa2616c5070_0;  alias, 1 drivers
v0x5fa2616b4770_0 .net "ctrl_data_valid_0", 0 0, v0x5fa2616c1380_0;  alias, 1 drivers
v0x5fa2616b4830_0 .net "ctrl_data_valid_1", 0 0, v0x5fa2616c4dc0_0;  alias, 1 drivers
v0x5fa2616b48f0_0 .var "mem_addr", 7 0;
v0x5fa2616b49d0_0 .var "mem_cmd", 2 0;
v0x5fa2616b4ab0_0 .net "mem_data", 63 0, v0x5fa2616c8c00_0;  alias, 1 drivers
v0x5fa2616b4b90_0 .net "mem_data_valid", 0 0, v0x5fa2616c8ca0_0;  alias, 1 drivers
v0x5fa2616b4c50_0 .var "mem_req", 0 0;
v0x5fa2616b4d10_0 .var "mem_wdata", 63 0;
v0x5fa2616b4df0_0 .net "rst", 0 0, v0x5fa2616d0350_0;  alias, 1 drivers
v0x5fa2616b4ec0_0 .var "snoop_addr", 7 0;
v0x5fa2616b4f80_0 .var "snoop_cmd", 2 0;
v0x5fa2616b5060_0 .var "snoop_cnt", 0 0;
v0x5fa2616b5120_0 .var "snoop_data", 63 0;
v0x5fa2616b5200_0 .var "snoop_data_ready", 0 0;
v0x5fa2616b52c0_0 .var "snoop_valid", 0 0;
S_0x5fa2616b5700 .scope module, "u_cache0" "cache_array" 3 70, 6 8 0, S_0x5fa2616b1580;
 .timescale 0 0;
    .port_info 0 /INPUT 1 "clk";
    .port_info 1 /INPUT 1 "rst";
    .port_info 2 /INPUT 8 "lookup_addr";
    .port_info 3 /OUTPUT 1 "hit";
    .port_info 4 /OUTPUT 2 "hit_mesi";
    .port_info 5 /OUTPUT 1 "hit_way";
    .port_info 6 /OUTPUT 64 "hit_data";
    .port_info 7 /INPUT 1 "write_en";
    .port_info 8 /INPUT 8 "write_addr";
    .port_info 9 /INPUT 1 "write_way";
    .port_info 10 /INPUT 2 "write_mesi";
    .port_info 11 /INPUT 64 "write_data";
    .port_info 12 /INPUT 2 "evict_set";
    .port_info 13 /INPUT 1 "evict_way";
    .port_info 14 /OUTPUT 2 "evict_mesi";
    .port_info 15 /OUTPUT 8 "evict_addr_out";
    .port_info 16 /OUTPUT 64 "evict_data";
    .port_info 17 /OUTPUT 1 "lru_way_out";
P_0x5fa2616b58c0 .param/l "EXCLUSIVE" 1 6 40, C4<10>;
P_0x5fa2616b5900 .param/l "INVALID" 1 6 38, C4<00>;
P_0x5fa2616b5940 .param/l "MODIFIED" 1 6 41, C4<11>;
P_0x5fa2616b5980 .param/l "SHARED" 1 6 39, C4<01>;
L_0x5fa26161c480 .functor NOT 1, L_0x5fa2616d0860, C4<0>, C4<0>, C4<0>;
L_0x5fa2616d1120 .functor BUFZ 2, L_0x5fa2616d0a80, C4<00>, C4<00>, C4<00>;
L_0x5fa26161c8a0 .functor BUFZ 64, L_0x5fa2616d1580, C4<0000000000000000000000000000000000000000000000000000000000000000>, C4<0000000000000000000000000000000000000000000000000000000000000000>, C4<0000000000000000000000000000000000000000000000000000000000000000>;
v0x5fa2616b5f10_0 .net *"_ivl_10", 3 0, L_0x5fa2616d0900;  1 drivers
L_0x7a58b2fb7528 .functor BUFT 1, C4<00000>, C4<0>, C4<0>, C4<0>;
v0x5fa2616b6010_0 .net *"_ivl_100", 4 0, L_0x7a58b2fb7528;  1 drivers
v0x5fa2616b60f0_0 .net *"_ivl_101", 7 0, L_0x5fa2616d2b00;  1 drivers
v0x5fa2616b61e0_0 .net *"_ivl_102", 7 0, L_0x5fa2616d2c40;  1 drivers
L_0x7a58b2fb7570 .functor BUFT 1, C4<000>, C4<0>, C4<0>, C4<0>;
v0x5fa2616b62c0_0 .net/2u *"_ivl_104", 2 0, L_0x7a58b2fb7570;  1 drivers
L_0x7a58b2fb7018 .functor BUFT 1, C4<00>, C4<0>, C4<0>, C4<0>;
v0x5fa2616b63f0_0 .net *"_ivl_13", 1 0, L_0x7a58b2fb7018;  1 drivers
v0x5fa2616b64d0_0 .net *"_ivl_16", 1 0, L_0x5fa2616d0a80;  1 drivers
v0x5fa2616b65b0_0 .net *"_ivl_18", 5 0, L_0x5fa2616d0b20;  1 drivers
L_0x7a58b2fb7060 .functor BUFT 1, C4<0000>, C4<0>, C4<0>, C4<0>;
v0x5fa2616b6690_0 .net *"_ivl_21", 3 0, L_0x7a58b2fb7060;  1 drivers
v0x5fa2616b6770_0 .net *"_ivl_22", 6 0, L_0x5fa2616d0c60;  1 drivers
L_0x7a58b2fb70a8 .functor BUFT 1, C4<0>, C4<0>, C4<0>, C4<0>;
v0x5fa2616b6850_0 .net *"_ivl_25", 0 0, L_0x7a58b2fb70a8;  1 drivers
L_0x7a58b2fb70f0 .functor BUFT 1, C4<0000010>, C4<0>, C4<0>, C4<0>;
v0x5fa2616b6930_0 .net/2u *"_ivl_26", 6 0, L_0x7a58b2fb70f0;  1 drivers
v0x5fa2616b6a10_0 .net *"_ivl_29", 6 0, L_0x5fa2616d0da0;  1 drivers
v0x5fa2616b6af0_0 .net *"_ivl_30", 2 0, L_0x5fa2616d0f40;  1 drivers
L_0x7a58b2fb7138 .functor BUFT 1, C4<00>, C4<0>, C4<0>, C4<0>;
v0x5fa2616b6bd0_0 .net *"_ivl_33", 1 0, L_0x7a58b2fb7138;  1 drivers
L_0x7a58b2fb7180 .functor BUFT 1, C4<0>, C4<0>, C4<0>, C4<0>;
v0x5fa2616b6cb0_0 .net *"_ivl_36", 0 0, L_0x7a58b2fb7180;  1 drivers
v0x5fa2616b6d90_0 .net *"_ivl_37", 7 0, L_0x5fa2616d1030;  1 drivers
L_0x7a58b2fb71c8 .functor BUFT 1, C4<00000>, C4<0>, C4<0>, C4<0>;
v0x5fa2616b6f80_0 .net *"_ivl_40", 4 0, L_0x7a58b2fb71c8;  1 drivers
v0x5fa2616b7060_0 .net *"_ivl_41", 7 0, L_0x5fa2616d11e0;  1 drivers
v0x5fa2616b7140_0 .net *"_ivl_42", 7 0, L_0x5fa2616d1320;  1 drivers
v0x5fa2616b7220_0 .net *"_ivl_46", 63 0, L_0x5fa2616d1580;  1 drivers
v0x5fa2616b7300_0 .net *"_ivl_48", 5 0, L_0x5fa2616d1620;  1 drivers
L_0x7a58b2fb7210 .functor BUFT 1, C4<0000>, C4<0>, C4<0>, C4<0>;
v0x5fa2616b73e0_0 .net *"_ivl_51", 3 0, L_0x7a58b2fb7210;  1 drivers
v0x5fa2616b74c0_0 .net *"_ivl_52", 6 0, L_0x5fa2616d17e0;  1 drivers
L_0x7a58b2fb7258 .functor BUFT 1, C4<0>, C4<0>, C4<0>, C4<0>;
v0x5fa2616b75a0_0 .net *"_ivl_55", 0 0, L_0x7a58b2fb7258;  1 drivers
L_0x7a58b2fb72a0 .functor BUFT 1, C4<0000010>, C4<0>, C4<0>, C4<0>;
v0x5fa2616b7680_0 .net/2u *"_ivl_56", 6 0, L_0x7a58b2fb72a0;  1 drivers
v0x5fa2616b7760_0 .net *"_ivl_59", 6 0, L_0x5fa2616d19b0;  1 drivers
v0x5fa2616b7840_0 .net *"_ivl_60", 2 0, L_0x5fa2616d1b40;  1 drivers
L_0x7a58b2fb72e8 .functor BUFT 1, C4<00>, C4<0>, C4<0>, C4<0>;
v0x5fa2616b7920_0 .net *"_ivl_63", 1 0, L_0x7a58b2fb72e8;  1 drivers
L_0x7a58b2fb7330 .functor BUFT 1, C4<0>, C4<0>, C4<0>, C4<0>;
v0x5fa2616b7a00_0 .net *"_ivl_66", 0 0, L_0x7a58b2fb7330;  1 drivers
v0x5fa2616b7ae0_0 .net *"_ivl_67", 7 0, L_0x5fa2616d1be0;  1 drivers
L_0x7a58b2fb7378 .functor BUFT 1, C4<00000>, C4<0>, C4<0>, C4<0>;
v0x5fa2616b7bc0_0 .net *"_ivl_70", 4 0, L_0x7a58b2fb7378;  1 drivers
v0x5fa2616b7ca0_0 .net *"_ivl_71", 7 0, L_0x5fa2616d1aa0;  1 drivers
v0x5fa2616b7d80_0 .net *"_ivl_72", 7 0, L_0x5fa2616d1e70;  1 drivers
v0x5fa2616b7e60_0 .net *"_ivl_76", 2 0, L_0x5fa2616d2110;  1 drivers
v0x5fa2616b7f40_0 .net *"_ivl_78", 5 0, L_0x5fa2616d21b0;  1 drivers
v0x5fa2616b8020_0 .net *"_ivl_8", 0 0, L_0x5fa2616d0860;  1 drivers
L_0x7a58b2fb73c0 .functor BUFT 1, C4<0000>, C4<0>, C4<0>, C4<0>;
v0x5fa2616b8100_0 .net *"_ivl_81", 3 0, L_0x7a58b2fb73c0;  1 drivers
v0x5fa2616b81e0_0 .net *"_ivl_82", 6 0, L_0x5fa2616d2370;  1 drivers
L_0x7a58b2fb7408 .functor BUFT 1, C4<0>, C4<0>, C4<0>, C4<0>;
v0x5fa2616b82c0_0 .net *"_ivl_85", 0 0, L_0x7a58b2fb7408;  1 drivers
L_0x7a58b2fb7450 .functor BUFT 1, C4<0000010>, C4<0>, C4<0>, C4<0>;
v0x5fa2616b83a0_0 .net/2u *"_ivl_86", 6 0, L_0x7a58b2fb7450;  1 drivers
v0x5fa2616b8480_0 .net *"_ivl_89", 6 0, L_0x5fa2616d24b0;  1 drivers
v0x5fa2616b8560_0 .net *"_ivl_90", 2 0, L_0x5fa2616d26d0;  1 drivers
L_0x7a58b2fb7498 .functor BUFT 1, C4<00>, C4<0>, C4<0>, C4<0>;
v0x5fa2616b8640_0 .net *"_ivl_93", 1 0, L_0x7a58b2fb7498;  1 drivers
L_0x7a58b2fb74e0 .functor BUFT 1, C4<0>, C4<0>, C4<0>, C4<0>;
v0x5fa2616b8720_0 .net *"_ivl_96", 0 0, L_0x7a58b2fb74e0;  1 drivers
v0x5fa2616b8800_0 .net *"_ivl_97", 7 0, L_0x5fa2616d28d0;  1 drivers
v0x5fa2616b88e0_0 .net "clk", 0 0, v0x5fa2616ceba0_0;  alias, 1 drivers
v0x5fa2616b8980 .array "data", 7 0, 63 0;
v0x5fa2616b8b90_0 .net "evict_addr_out", 7 0, L_0x5fa2616d2ed0;  alias, 1 drivers
v0x5fa2616b8c70_0 .net "evict_data", 63 0, L_0x5fa26161c8a0;  alias, 1 drivers
v0x5fa2616b8d50_0 .net "evict_mesi", 1 0, L_0x5fa2616d1120;  alias, 1 drivers
v0x5fa2616b8e30_0 .net "evict_set", 1 0, v0x5fa2616c19c0_0;  alias, 1 drivers
v0x5fa2616b8f10_0 .net "evict_way", 0 0, v0x5fa2616c1a90_0;  alias, 1 drivers
v0x5fa2616b8fd0_0 .var "hit", 0 0;
v0x5fa2616b9090_0 .var "hit_data", 63 0;
v0x5fa2616b9170_0 .var "hit_mesi", 1 0;
v0x5fa2616b9250_0 .var "hit_way", 0 0;
v0x5fa2616b9310_0 .var/i "i", 31 0;
v0x5fa2616b93f0_0 .var/i "j", 31 0;
v0x5fa2616b94d0_0 .net "lookup_addr", 7 0, v0x5fa2616c1ea0_0;  alias, 1 drivers
v0x5fa2616b95b0_0 .net "lookup_index", 1 0, L_0x5fa2616d0680;  1 drivers
v0x5fa2616b9690_0 .net "lookup_tag", 2 0, L_0x5fa2616d05e0;  1 drivers
v0x5fa2616b9770 .array "lru", 3 0, 0 0;
v0x5fa2616b9810_0 .net "lru_way_out", 0 0, L_0x5fa26161c480;  alias, 1 drivers
v0x5fa2616b98d0 .array "mesi", 7 0, 1 0;
v0x5fa2616b9ae0_0 .net "rst", 0 0, v0x5fa2616d0350_0;  alias, 1 drivers
v0x5fa2616b9bd0 .array "tag", 7 0, 2 0;
v0x5fa2616b9de0 .array "valid", 7 0, 0 0;
v0x5fa2616b9fd0_0 .var/i "w", 31 0;
v0x5fa2616ba0b0_0 .net "write_addr", 7 0, v0x5fa2616c2040_0;  alias, 1 drivers
v0x5fa2616ba190_0 .net "write_data", 63 0, v0x5fa2616c2110_0;  alias, 1 drivers
v0x5fa2616ba270_0 .net "write_en", 0 0, v0x5fa2616c21e0_0;  alias, 1 drivers
v0x5fa2616ba330_0 .net "write_index", 1 0, L_0x5fa2616d07c0;  1 drivers
v0x5fa2616ba410_0 .net "write_mesi", 1 0, v0x5fa2616c22b0_0;  alias, 1 drivers
v0x5fa2616ba4f0_0 .net "write_tag", 2 0, L_0x5fa2616d0720;  1 drivers
v0x5fa2616ba5d0_0 .net "write_way", 0 0, v0x5fa2616c2380_0;  alias, 1 drivers
v0x5fa2616b9de0_0 .array/port v0x5fa2616b9de0, 0;
v0x5fa2616b9de0_1 .array/port v0x5fa2616b9de0, 1;
v0x5fa2616b9de0_2 .array/port v0x5fa2616b9de0, 2;
E_0x5fa261541330/0 .event anyedge, v0x5fa2616b95b0_0, v0x5fa2616b9de0_0, v0x5fa2616b9de0_1, v0x5fa2616b9de0_2;
v0x5fa2616b9de0_3 .array/port v0x5fa2616b9de0, 3;
v0x5fa2616b9de0_4 .array/port v0x5fa2616b9de0, 4;
v0x5fa2616b9de0_5 .array/port v0x5fa2616b9de0, 5;
v0x5fa2616b9de0_6 .array/port v0x5fa2616b9de0, 6;
E_0x5fa261541330/1 .event anyedge, v0x5fa2616b9de0_3, v0x5fa2616b9de0_4, v0x5fa2616b9de0_5, v0x5fa2616b9de0_6;
v0x5fa2616b9de0_7 .array/port v0x5fa2616b9de0, 7;
v0x5fa2616b9bd0_0 .array/port v0x5fa2616b9bd0, 0;
v0x5fa2616b9bd0_1 .array/port v0x5fa2616b9bd0, 1;
v0x5fa2616b9bd0_2 .array/port v0x5fa2616b9bd0, 2;
E_0x5fa261541330/2 .event anyedge, v0x5fa2616b9de0_7, v0x5fa2616b9bd0_0, v0x5fa2616b9bd0_1, v0x5fa2616b9bd0_2;
v0x5fa2616b9bd0_3 .array/port v0x5fa2616b9bd0, 3;
v0x5fa2616b9bd0_4 .array/port v0x5fa2616b9bd0, 4;
v0x5fa2616b9bd0_5 .array/port v0x5fa2616b9bd0, 5;
v0x5fa2616b9bd0_6 .array/port v0x5fa2616b9bd0, 6;
E_0x5fa261541330/3 .event anyedge, v0x5fa2616b9bd0_3, v0x5fa2616b9bd0_4, v0x5fa2616b9bd0_5, v0x5fa2616b9bd0_6;
v0x5fa2616b9bd0_7 .array/port v0x5fa2616b9bd0, 7;
v0x5fa2616b98d0_0 .array/port v0x5fa2616b98d0, 0;
v0x5fa2616b98d0_1 .array/port v0x5fa2616b98d0, 1;
E_0x5fa261541330/4 .event anyedge, v0x5fa2616b9bd0_7, v0x5fa2616b9690_0, v0x5fa2616b98d0_0, v0x5fa2616b98d0_1;
v0x5fa2616b98d0_2 .array/port v0x5fa2616b98d0, 2;
v0x5fa2616b98d0_3 .array/port v0x5fa2616b98d0, 3;
v0x5fa2616b98d0_4 .array/port v0x5fa2616b98d0, 4;
v0x5fa2616b98d0_5 .array/port v0x5fa2616b98d0, 5;
E_0x5fa261541330/5 .event anyedge, v0x5fa2616b98d0_2, v0x5fa2616b98d0_3, v0x5fa2616b98d0_4, v0x5fa2616b98d0_5;
v0x5fa2616b98d0_6 .array/port v0x5fa2616b98d0, 6;
v0x5fa2616b98d0_7 .array/port v0x5fa2616b98d0, 7;
v0x5fa2616b8980_0 .array/port v0x5fa2616b8980, 0;
v0x5fa2616b8980_1 .array/port v0x5fa2616b8980, 1;
E_0x5fa261541330/6 .event anyedge, v0x5fa2616b98d0_6, v0x5fa2616b98d0_7, v0x5fa2616b8980_0, v0x5fa2616b8980_1;
v0x5fa2616b8980_2 .array/port v0x5fa2616b8980, 2;
v0x5fa2616b8980_3 .array/port v0x5fa2616b8980, 3;
v0x5fa2616b8980_4 .array/port v0x5fa2616b8980, 4;
v0x5fa2616b8980_5 .array/port v0x5fa2616b8980, 5;
E_0x5fa261541330/7 .event anyedge, v0x5fa2616b8980_2, v0x5fa2616b8980_3, v0x5fa2616b8980_4, v0x5fa2616b8980_5;
v0x5fa2616b8980_6 .array/port v0x5fa2616b8980, 6;
v0x5fa2616b8980_7 .array/port v0x5fa2616b8980, 7;
E_0x5fa261541330/8 .event anyedge, v0x5fa2616b8980_6, v0x5fa2616b8980_7;
E_0x5fa261541330 .event/or E_0x5fa261541330/0, E_0x5fa261541330/1, E_0x5fa261541330/2, E_0x5fa261541330/3, E_0x5fa261541330/4, E_0x5fa261541330/5, E_0x5fa261541330/6, E_0x5fa261541330/7, E_0x5fa261541330/8;
L_0x5fa2616d05e0 .part v0x5fa2616c1ea0_0, 5, 3;
L_0x5fa2616d0680 .part v0x5fa2616c1ea0_0, 3, 2;
L_0x5fa2616d0720 .part v0x5fa2616c2040_0, 5, 3;
L_0x5fa2616d07c0 .part v0x5fa2616c2040_0, 3, 2;
L_0x5fa2616d0860 .array/port v0x5fa2616b9770, L_0x5fa2616d0900;
L_0x5fa2616d0900 .concat [ 2 2 0 0], L_0x5fa2616d0680, L_0x7a58b2fb7018;
L_0x5fa2616d0a80 .array/port v0x5fa2616b98d0, L_0x5fa2616d1320;
L_0x5fa2616d0b20 .concat [ 2 4 0 0], v0x5fa2616c19c0_0, L_0x7a58b2fb7060;
L_0x5fa2616d0c60 .concat [ 6 1 0 0], L_0x5fa2616d0b20, L_0x7a58b2fb70a8;
L_0x5fa2616d0da0 .arith/mult 7, L_0x5fa2616d0c60, L_0x7a58b2fb70f0;
L_0x5fa2616d0f40 .concat [ 1 2 0 0], v0x5fa2616c1a90_0, L_0x7a58b2fb7138;
L_0x5fa2616d1030 .concat [ 7 1 0 0], L_0x5fa2616d0da0, L_0x7a58b2fb7180;
L_0x5fa2616d11e0 .concat [ 3 5 0 0], L_0x5fa2616d0f40, L_0x7a58b2fb71c8;
L_0x5fa2616d1320 .arith/sum 8, L_0x5fa2616d1030, L_0x5fa2616d11e0;
L_0x5fa2616d1580 .array/port v0x5fa2616b8980, L_0x5fa2616d1e70;
L_0x5fa2616d1620 .concat [ 2 4 0 0], v0x5fa2616c19c0_0, L_0x7a58b2fb7210;
L_0x5fa2616d17e0 .concat [ 6 1 0 0], L_0x5fa2616d1620, L_0x7a58b2fb7258;
L_0x5fa2616d19b0 .arith/mult 7, L_0x5fa2616d17e0, L_0x7a58b2fb72a0;
L_0x5fa2616d1b40 .concat [ 1 2 0 0], v0x5fa2616c1a90_0, L_0x7a58b2fb72e8;
L_0x5fa2616d1be0 .concat [ 7 1 0 0], L_0x5fa2616d19b0, L_0x7a58b2fb7330;
L_0x5fa2616d1aa0 .concat [ 3 5 0 0], L_0x5fa2616d1b40, L_0x7a58b2fb7378;
L_0x5fa2616d1e70 .arith/sum 8, L_0x5fa2616d1be0, L_0x5fa2616d1aa0;
L_0x5fa2616d2110 .array/port v0x5fa2616b9bd0, L_0x5fa2616d2c40;
L_0x5fa2616d21b0 .concat [ 2 4 0 0], v0x5fa2616c19c0_0, L_0x7a58b2fb73c0;
L_0x5fa2616d2370 .concat [ 6 1 0 0], L_0x5fa2616d21b0, L_0x7a58b2fb7408;
L_0x5fa2616d24b0 .arith/mult 7, L_0x5fa2616d2370, L_0x7a58b2fb7450;
L_0x5fa2616d26d0 .concat [ 1 2 0 0], v0x5fa2616c1a90_0, L_0x7a58b2fb7498;
L_0x5fa2616d28d0 .concat [ 7 1 0 0], L_0x5fa2616d24b0, L_0x7a58b2fb74e0;
L_0x5fa2616d2b00 .concat [ 3 5 0 0], L_0x5fa2616d26d0, L_0x7a58b2fb7528;
L_0x5fa2616d2c40 .arith/sum 8, L_0x5fa2616d28d0, L_0x5fa2616d2b00;
L_0x5fa2616d2ed0 .concat [ 3 2 3 0], L_0x7a58b2fb7570, v0x5fa2616c19c0_0, L_0x5fa2616d2110;
S_0x5fa2616ba970 .scope module, "u_cache1" "cache_array" 3 106, 6 8 0, S_0x5fa2616b1580;
 .timescale 0 0;
    .port_info 0 /INPUT 1 "clk";
    .port_info 1 /INPUT 1 "rst";
    .port_info 2 /INPUT 8 "lookup_addr";
    .port_info 3 /OUTPUT 1 "hit";
    .port_info 4 /OUTPUT 2 "hit_mesi";
    .port_info 5 /OUTPUT 1 "hit_way";
    .port_info 6 /OUTPUT 64 "hit_data";
    .port_info 7 /INPUT 1 "write_en";
    .port_info 8 /INPUT 8 "write_addr";
    .port_info 9 /INPUT 1 "write_way";
    .port_info 10 /INPUT 2 "write_mesi";
    .port_info 11 /INPUT 64 "write_data";
    .port_info 12 /INPUT 2 "evict_set";
    .port_info 13 /INPUT 1 "evict_way";
    .port_info 14 /OUTPUT 2 "evict_mesi";
    .port_info 15 /OUTPUT 8 "evict_addr_out";
    .port_info 16 /OUTPUT 64 "evict_data";
    .port_info 17 /OUTPUT 1 "lru_way_out";
P_0x5fa2616b6e30 .param/l "EXCLUSIVE" 1 6 40, C4<10>;
P_0x5fa2616b6e70 .param/l "INVALID" 1 6 38, C4<00>;
P_0x5fa2616b6eb0 .param/l "MODIFIED" 1 6 41, C4<11>;
P_0x5fa2616b6ef0 .param/l "SHARED" 1 6 39, C4<01>;
L_0x5fa26161cf40 .functor NOT 1, L_0x5fa2616d33c0, C4<0>, C4<0>, C4<0>;
L_0x5fa2616d3c30 .functor BUFZ 2, L_0x5fa2616d35e0, C4<00>, C4<00>, C4<00>;
L_0x5fa261619f90 .functor BUFZ 64, L_0x5fa2616d4090, C4<0000000000000000000000000000000000000000000000000000000000000000>, C4<0000000000000000000000000000000000000000000000000000000000000000>, C4<0000000000000000000000000000000000000000000000000000000000000000>;
v0x5fa2616bb010_0 .net *"_ivl_10", 3 0, L_0x5fa2616d3460;  1 drivers
L_0x7a58b2fb7ac8 .functor BUFT 1, C4<00000>, C4<0>, C4<0>, C4<0>;
v0x5fa2616bb110_0 .net *"_ivl_100", 4 0, L_0x7a58b2fb7ac8;  1 drivers
v0x5fa2616bb1f0_0 .net *"_ivl_101", 7 0, L_0x5fa2616d54c0;  1 drivers
v0x5fa2616bb2b0_0 .net *"_ivl_102", 7 0, L_0x5fa2616d5600;  1 drivers
L_0x7a58b2fb7b10 .functor BUFT 1, C4<000>, C4<0>, C4<0>, C4<0>;
v0x5fa2616bb390_0 .net/2u *"_ivl_104", 2 0, L_0x7a58b2fb7b10;  1 drivers
L_0x7a58b2fb75b8 .functor BUFT 1, C4<00>, C4<0>, C4<0>, C4<0>;
v0x5fa2616bb4c0_0 .net *"_ivl_13", 1 0, L_0x7a58b2fb75b8;  1 drivers
v0x5fa2616bb5a0_0 .net *"_ivl_16", 1 0, L_0x5fa2616d35e0;  1 drivers
v0x5fa2616bb680_0 .net *"_ivl_18", 5 0, L_0x5fa2616d3680;  1 drivers
L_0x7a58b2fb7600 .functor BUFT 1, C4<0000>, C4<0>, C4<0>, C4<0>;
v0x5fa2616bb760_0 .net *"_ivl_21", 3 0, L_0x7a58b2fb7600;  1 drivers
v0x5fa2616bb840_0 .net *"_ivl_22", 6 0, L_0x5fa2616d37c0;  1 drivers
L_0x7a58b2fb7648 .functor BUFT 1, C4<0>, C4<0>, C4<0>, C4<0>;
v0x5fa2616bb920_0 .net *"_ivl_25", 0 0, L_0x7a58b2fb7648;  1 drivers
L_0x7a58b2fb7690 .functor BUFT 1, C4<0000010>, C4<0>, C4<0>, C4<0>;
v0x5fa2616bba00_0 .net/2u *"_ivl_26", 6 0, L_0x7a58b2fb7690;  1 drivers
v0x5fa2616bbae0_0 .net *"_ivl_29", 6 0, L_0x5fa2616d3900;  1 drivers
v0x5fa2616bbbc0_0 .net *"_ivl_30", 2 0, L_0x5fa2616d3aa0;  1 drivers
L_0x7a58b2fb76d8 .functor BUFT 1, C4<00>, C4<0>, C4<0>, C4<0>;
v0x5fa2616bbca0_0 .net *"_ivl_33", 1 0, L_0x7a58b2fb76d8;  1 drivers
L_0x7a58b2fb7720 .functor BUFT 1, C4<0>, C4<0>, C4<0>, C4<0>;
v0x5fa2616bbd80_0 .net *"_ivl_36", 0 0, L_0x7a58b2fb7720;  1 drivers
v0x5fa2616bbe60_0 .net *"_ivl_37", 7 0, L_0x5fa2616d3b40;  1 drivers
L_0x7a58b2fb7768 .functor BUFT 1, C4<00000>, C4<0>, C4<0>, C4<0>;
v0x5fa2616bc050_0 .net *"_ivl_40", 4 0, L_0x7a58b2fb7768;  1 drivers
v0x5fa2616bc130_0 .net *"_ivl_41", 7 0, L_0x5fa2616d3cf0;  1 drivers
v0x5fa2616bc210_0 .net *"_ivl_42", 7 0, L_0x5fa2616d3e30;  1 drivers
v0x5fa2616bc2f0_0 .net *"_ivl_46", 63 0, L_0x5fa2616d4090;  1 drivers
v0x5fa2616bc3d0_0 .net *"_ivl_48", 5 0, L_0x5fa2616d4130;  1 drivers
L_0x7a58b2fb77b0 .functor BUFT 1, C4<0000>, C4<0>, C4<0>, C4<0>;
v0x5fa2616bc4b0_0 .net *"_ivl_51", 3 0, L_0x7a58b2fb77b0;  1 drivers
v0x5fa2616bc590_0 .net *"_ivl_52", 6 0, L_0x5fa2616d42f0;  1 drivers
L_0x7a58b2fb77f8 .functor BUFT 1, C4<0>, C4<0>, C4<0>, C4<0>;
v0x5fa2616bc670_0 .net *"_ivl_55", 0 0, L_0x7a58b2fb77f8;  1 drivers
L_0x7a58b2fb7840 .functor BUFT 1, C4<0000010>, C4<0>, C4<0>, C4<0>;
v0x5fa2616bc750_0 .net/2u *"_ivl_56", 6 0, L_0x7a58b2fb7840;  1 drivers
v0x5fa2616bc830_0 .net *"_ivl_59", 6 0, L_0x5fa2616d4430;  1 drivers
v0x5fa2616bc910_0 .net *"_ivl_60", 2 0, L_0x5fa2616d4610;  1 drivers
L_0x7a58b2fb7888 .functor BUFT 1, C4<00>, C4<0>, C4<0>, C4<0>;
v0x5fa2616bc9f0_0 .net *"_ivl_63", 1 0, L_0x7a58b2fb7888;  1 drivers
L_0x7a58b2fb78d0 .functor BUFT 1, C4<0>, C4<0>, C4<0>, C4<0>;
v0x5fa2616bcad0_0 .net *"_ivl_66", 0 0, L_0x7a58b2fb78d0;  1 drivers
v0x5fa2616bcbb0_0 .net *"_ivl_67", 7 0, L_0x5fa2616d46b0;  1 drivers
L_0x7a58b2fb7918 .functor BUFT 1, C4<00000>, C4<0>, C4<0>, C4<0>;
v0x5fa2616bcc90_0 .net *"_ivl_70", 4 0, L_0x7a58b2fb7918;  1 drivers
v0x5fa2616bcd70_0 .net *"_ivl_71", 7 0, L_0x5fa2616d4570;  1 drivers
v0x5fa2616bce50_0 .net *"_ivl_72", 7 0, L_0x5fa2616d4940;  1 drivers
v0x5fa2616bcf30_0 .net *"_ivl_76", 2 0, L_0x5fa2616d4be0;  1 drivers
v0x5fa2616bd010_0 .net *"_ivl_78", 5 0, L_0x5fa2616d4c80;  1 drivers
v0x5fa2616bd0f0_0 .net *"_ivl_8", 0 0, L_0x5fa2616d33c0;  1 drivers
L_0x7a58b2fb7960 .functor BUFT 1, C4<0000>, C4<0>, C4<0>, C4<0>;
v0x5fa2616bd1d0_0 .net *"_ivl_81", 3 0, L_0x7a58b2fb7960;  1 drivers
v0x5fa2616bd2b0_0 .net *"_ivl_82", 6 0, L_0x5fa2616d4e40;  1 drivers
L_0x7a58b2fb79a8 .functor BUFT 1, C4<0>, C4<0>, C4<0>, C4<0>;
v0x5fa2616bd390_0 .net *"_ivl_85", 0 0, L_0x7a58b2fb79a8;  1 drivers
L_0x7a58b2fb79f0 .functor BUFT 1, C4<0000010>, C4<0>, C4<0>, C4<0>;
v0x5fa2616bd470_0 .net/2u *"_ivl_86", 6 0, L_0x7a58b2fb79f0;  1 drivers
v0x5fa2616bd550_0 .net *"_ivl_89", 6 0, L_0x5fa2616d4f80;  1 drivers
v0x5fa2616bd630_0 .net *"_ivl_90", 2 0, L_0x5fa2616d51a0;  1 drivers
L_0x7a58b2fb7a38 .functor BUFT 1, C4<00>, C4<0>, C4<0>, C4<0>;
v0x5fa2616bd710_0 .net *"_ivl_93", 1 0, L_0x7a58b2fb7a38;  1 drivers
L_0x7a58b2fb7a80 .functor BUFT 1, C4<0>, C4<0>, C4<0>, C4<0>;
v0x5fa2616bd7f0_0 .net *"_ivl_96", 0 0, L_0x7a58b2fb7a80;  1 drivers
v0x5fa2616bd8d0_0 .net *"_ivl_97", 7 0, L_0x5fa2616d5290;  1 drivers
v0x5fa2616bd9b0_0 .net "clk", 0 0, v0x5fa2616ceba0_0;  alias, 1 drivers
v0x5fa2616bda50 .array "data", 7 0, 63 0;
v0x5fa2616bdc10_0 .net "evict_addr_out", 7 0, L_0x5fa2616d5890;  alias, 1 drivers
v0x5fa2616bdcf0_0 .net "evict_data", 63 0, L_0x5fa261619f90;  alias, 1 drivers
v0x5fa2616bddd0_0 .net "evict_mesi", 1 0, L_0x5fa2616d3c30;  alias, 1 drivers
v0x5fa2616bdeb0_0 .net "evict_set", 1 0, v0x5fa2616c53b0_0;  alias, 1 drivers
v0x5fa2616bdf90_0 .net "evict_way", 0 0, v0x5fa2616c5480_0;  alias, 1 drivers
v0x5fa2616be050_0 .var "hit", 0 0;
v0x5fa2616be110_0 .var "hit_data", 63 0;
v0x5fa2616be1f0_0 .var "hit_mesi", 1 0;
v0x5fa2616be2d0_0 .var "hit_way", 0 0;
v0x5fa2616be390_0 .var/i "i", 31 0;
v0x5fa2616be470_0 .var/i "j", 31 0;
v0x5fa2616be550_0 .net "lookup_addr", 7 0, v0x5fa2616c5890_0;  alias, 1 drivers
v0x5fa2616be630_0 .net "lookup_index", 1 0, L_0x5fa2616d3150;  1 drivers
v0x5fa2616be710_0 .net "lookup_tag", 2 0, L_0x5fa2616d30b0;  1 drivers
v0x5fa2616be7f0 .array "lru", 3 0, 0 0;
v0x5fa2616be890_0 .net "lru_way_out", 0 0, L_0x5fa26161cf40;  alias, 1 drivers
v0x5fa2616be950 .array "mesi", 7 0, 1 0;
v0x5fa2616bef70_0 .net "rst", 0 0, v0x5fa2616d0350_0;  alias, 1 drivers
v0x5fa2616bf010 .array "tag", 7 0, 2 0;
v0x5fa2616bf220 .array "valid", 7 0, 0 0;
v0x5fa2616bf410_0 .var/i "w", 31 0;
v0x5fa2616bf4f0_0 .net "write_addr", 7 0, v0x5fa2616c5a30_0;  alias, 1 drivers
v0x5fa2616bf5d0_0 .net "write_data", 63 0, v0x5fa2616c5b00_0;  alias, 1 drivers
v0x5fa2616bf6b0_0 .net "write_en", 0 0, v0x5fa2616c5bd0_0;  alias, 1 drivers
v0x5fa2616bf770_0 .net "write_index", 1 0, L_0x5fa2616d3290;  1 drivers
v0x5fa2616bf850_0 .net "write_mesi", 1 0, v0x5fa2616c5ca0_0;  alias, 1 drivers
v0x5fa2616bf930_0 .net "write_tag", 2 0, L_0x5fa2616d31f0;  1 drivers
v0x5fa2616bfa10_0 .net "write_way", 0 0, v0x5fa2616c5d70_0;  alias, 1 drivers
v0x5fa2616bf220_0 .array/port v0x5fa2616bf220, 0;
v0x5fa2616bf220_1 .array/port v0x5fa2616bf220, 1;
v0x5fa2616bf220_2 .array/port v0x5fa2616bf220, 2;
E_0x5fa26169eb30/0 .event anyedge, v0x5fa2616be630_0, v0x5fa2616bf220_0, v0x5fa2616bf220_1, v0x5fa2616bf220_2;
v0x5fa2616bf220_3 .array/port v0x5fa2616bf220, 3;
v0x5fa2616bf220_4 .array/port v0x5fa2616bf220, 4;
v0x5fa2616bf220_5 .array/port v0x5fa2616bf220, 5;
v0x5fa2616bf220_6 .array/port v0x5fa2616bf220, 6;
E_0x5fa26169eb30/1 .event anyedge, v0x5fa2616bf220_3, v0x5fa2616bf220_4, v0x5fa2616bf220_5, v0x5fa2616bf220_6;
v0x5fa2616bf220_7 .array/port v0x5fa2616bf220, 7;
v0x5fa2616bf010_0 .array/port v0x5fa2616bf010, 0;
v0x5fa2616bf010_1 .array/port v0x5fa2616bf010, 1;
v0x5fa2616bf010_2 .array/port v0x5fa2616bf010, 2;
E_0x5fa26169eb30/2 .event anyedge, v0x5fa2616bf220_7, v0x5fa2616bf010_0, v0x5fa2616bf010_1, v0x5fa2616bf010_2;
v0x5fa2616bf010_3 .array/port v0x5fa2616bf010, 3;
v0x5fa2616bf010_4 .array/port v0x5fa2616bf010, 4;
v0x5fa2616bf010_5 .array/port v0x5fa2616bf010, 5;
v0x5fa2616bf010_6 .array/port v0x5fa2616bf010, 6;
E_0x5fa26169eb30/3 .event anyedge, v0x5fa2616bf010_3, v0x5fa2616bf010_4, v0x5fa2616bf010_5, v0x5fa2616bf010_6;
v0x5fa2616bf010_7 .array/port v0x5fa2616bf010, 7;
v0x5fa2616be950_0 .array/port v0x5fa2616be950, 0;
v0x5fa2616be950_1 .array/port v0x5fa2616be950, 1;
E_0x5fa26169eb30/4 .event anyedge, v0x5fa2616bf010_7, v0x5fa2616be710_0, v0x5fa2616be950_0, v0x5fa2616be950_1;
v0x5fa2616be950_2 .array/port v0x5fa2616be950, 2;
v0x5fa2616be950_3 .array/port v0x5fa2616be950, 3;
v0x5fa2616be950_4 .array/port v0x5fa2616be950, 4;
v0x5fa2616be950_5 .array/port v0x5fa2616be950, 5;
E_0x5fa26169eb30/5 .event anyedge, v0x5fa2616be950_2, v0x5fa2616be950_3, v0x5fa2616be950_4, v0x5fa2616be950_5;
v0x5fa2616be950_6 .array/port v0x5fa2616be950, 6;
v0x5fa2616be950_7 .array/port v0x5fa2616be950, 7;
v0x5fa2616bda50_0 .array/port v0x5fa2616bda50, 0;
v0x5fa2616bda50_1 .array/port v0x5fa2616bda50, 1;
E_0x5fa26169eb30/6 .event anyedge, v0x5fa2616be950_6, v0x5fa2616be950_7, v0x5fa2616bda50_0, v0x5fa2616bda50_1;
v0x5fa2616bda50_2 .array/port v0x5fa2616bda50, 2;
v0x5fa2616bda50_3 .array/port v0x5fa2616bda50, 3;
v0x5fa2616bda50_4 .array/port v0x5fa2616bda50, 4;
v0x5fa2616bda50_5 .array/port v0x5fa2616bda50, 5;
E_0x5fa26169eb30/7 .event anyedge, v0x5fa2616bda50_2, v0x5fa2616bda50_3, v0x5fa2616bda50_4, v0x5fa2616bda50_5;
v0x5fa2616bda50_6 .array/port v0x5fa2616bda50, 6;
v0x5fa2616bda50_7 .array/port v0x5fa2616bda50, 7;
E_0x5fa26169eb30/8 .event anyedge, v0x5fa2616bda50_6, v0x5fa2616bda50_7;
E_0x5fa26169eb30 .event/or E_0x5fa26169eb30/0, E_0x5fa26169eb30/1, E_0x5fa26169eb30/2, E_0x5fa26169eb30/3, E_0x5fa26169eb30/4, E_0x5fa26169eb30/5, E_0x5fa26169eb30/6, E_0x5fa26169eb30/7, E_0x5fa26169eb30/8;
L_0x5fa2616d30b0 .part v0x5fa2616c5890_0, 5, 3;
L_0x5fa2616d3150 .part v0x5fa2616c5890_0, 3, 2;
L_0x5fa2616d31f0 .part v0x5fa2616c5a30_0, 5, 3;
L_0x5fa2616d3290 .part v0x5fa2616c5a30_0, 3, 2;
L_0x5fa2616d33c0 .array/port v0x5fa2616be7f0, L_0x5fa2616d3460;
L_0x5fa2616d3460 .concat [ 2 2 0 0], L_0x5fa2616d3150, L_0x7a58b2fb75b8;
L_0x5fa2616d35e0 .array/port v0x5fa2616be950, L_0x5fa2616d3e30;
L_0x5fa2616d3680 .concat [ 2 4 0 0], v0x5fa2616c53b0_0, L_0x7a58b2fb7600;
L_0x5fa2616d37c0 .concat [ 6 1 0 0], L_0x5fa2616d3680, L_0x7a58b2fb7648;
L_0x5fa2616d3900 .arith/mult 7, L_0x5fa2616d37c0, L_0x7a58b2fb7690;
L_0x5fa2616d3aa0 .concat [ 1 2 0 0], v0x5fa2616c5480_0, L_0x7a58b2fb76d8;
L_0x5fa2616d3b40 .concat [ 7 1 0 0], L_0x5fa2616d3900, L_0x7a58b2fb7720;
L_0x5fa2616d3cf0 .concat [ 3 5 0 0], L_0x5fa2616d3aa0, L_0x7a58b2fb7768;
L_0x5fa2616d3e30 .arith/sum 8, L_0x5fa2616d3b40, L_0x5fa2616d3cf0;
L_0x5fa2616d4090 .array/port v0x5fa2616bda50, L_0x5fa2616d4940;
L_0x5fa2616d4130 .concat [ 2 4 0 0], v0x5fa2616c53b0_0, L_0x7a58b2fb77b0;
L_0x5fa2616d42f0 .concat [ 6 1 0 0], L_0x5fa2616d4130, L_0x7a58b2fb77f8;
L_0x5fa2616d4430 .arith/mult 7, L_0x5fa2616d42f0, L_0x7a58b2fb7840;
L_0x5fa2616d4610 .concat [ 1 2 0 0], v0x5fa2616c5480_0, L_0x7a58b2fb7888;
L_0x5fa2616d46b0 .concat [ 7 1 0 0], L_0x5fa2616d4430, L_0x7a58b2fb78d0;
L_0x5fa2616d4570 .concat [ 3 5 0 0], L_0x5fa2616d4610, L_0x7a58b2fb7918;
L_0x5fa2616d4940 .arith/sum 8, L_0x5fa2616d46b0, L_0x5fa2616d4570;
L_0x5fa2616d4be0 .array/port v0x5fa2616bf010, L_0x5fa2616d5600;
L_0x5fa2616d4c80 .concat [ 2 4 0 0], v0x5fa2616c53b0_0, L_0x7a58b2fb7960;
L_0x5fa2616d4e40 .concat [ 6 1 0 0], L_0x5fa2616d4c80, L_0x7a58b2fb79a8;
L_0x5fa2616d4f80 .arith/mult 7, L_0x5fa2616d4e40, L_0x7a58b2fb79f0;
L_0x5fa2616d51a0 .concat [ 1 2 0 0], v0x5fa2616c5480_0, L_0x7a58b2fb7a38;
L_0x5fa2616d5290 .concat [ 7 1 0 0], L_0x5fa2616d4f80, L_0x7a58b2fb7a80;
L_0x5fa2616d54c0 .concat [ 3 5 0 0], L_0x5fa2616d51a0, L_0x7a58b2fb7ac8;
L_0x5fa2616d5600 .arith/sum 8, L_0x5fa2616d5290, L_0x5fa2616d54c0;
L_0x5fa2616d5890 .concat [ 3 2 3 0], L_0x7a58b2fb7b10, v0x5fa2616c53b0_0, L_0x5fa2616d4be0;
S_0x5fa2616bfdb0 .scope module, "u_ctrl0" "mesi_controller" 3 83, 7 8 0, S_0x5fa2616b1580;
 .timescale 0 0;
    .port_info 0 /INPUT 1 "clk";
    .port_info 1 /INPUT 1 "rst";
    .port_info 2 /INPUT 1 "pr_req";
    .port_info 3 /INPUT 1 "pr_we";
    .port_info 4 /INPUT 8 "pr_addr";
    .port_info 5 /INPUT 8 "pr_wdata";
    .port_info 6 /OUTPUT 1 "pr_ack";
    .port_info 7 /OUTPUT 8 "pr_rdata";
    .port_info 8 /OUTPUT 1 "bus_req";
    .port_info 9 /INPUT 1 "bus_grant";
    .port_info 10 /OUTPUT 8 "bus_addr";
    .port_info 11 /OUTPUT 3 "bus_cmd";
    .port_info 12 /OUTPUT 64 "bus_wdata";
    .port_info 13 /OUTPUT 1 "bus_data_valid";
    .port_info 14 /OUTPUT 1 "bus_shared";
    .port_info 15 /INPUT 8 "snoop_addr";
    .port_info 16 /INPUT 3 "snoop_cmd";
    .port_info 17 /INPUT 1 "snoop_valid";
    .port_info 18 /INPUT 64 "snoop_data";
    .port_info 19 /INPUT 1 "snoop_data_ready";
    .port_info 20 /INPUT 1 "any_shared";
    .port_info 21 /OUTPUT 8 "ca_lookup_addr";
    .port_info 22 /INPUT 1 "ca_hit";
    .port_info 23 /INPUT 2 "ca_hit_mesi";
    .port_info 24 /INPUT 1 "ca_hit_way";
    .port_info 25 /INPUT 64 "ca_hit_data";
    .port_info 26 /INPUT 1 "ca_lru_way";
    .port_info 27 /OUTPUT 1 "ca_write_en";
    .port_info 28 /OUTPUT 8 "ca_write_addr";
    .port_info 29 /OUTPUT 1 "ca_write_way";
    .port_info 30 /OUTPUT 2 "ca_write_mesi";
    .port_info 31 /OUTPUT 64 "ca_write_data";
    .port_info 32 /OUTPUT 2 "ca_evict_set";
    .port_info 33 /OUTPUT 1 "ca_evict_way";
    .port_info 34 /INPUT 2 "ca_evict_mesi";
    .port_info 35 /INPUT 8 "ca_evict_addr";
    .port_info 36 /INPUT 64 "ca_evict_data";
P_0x5fa2616bffe0 .param/l "CMD_BUSRD" 1 7 68, C4<001>;
P_0x5fa2616c0020 .param/l "CMD_BUSRDX" 1 7 69, C4<010>;
P_0x5fa2616c0060 .param/l "CMD_BUSUPGR" 1 7 70, C4<011>;
P_0x5fa2616c00a0 .param/l "CMD_BUSWB" 1 7 71, C4<100>;
P_0x5fa2616c00e0 .param/l "CMD_IDLE" 1 7 67, C4<000>;
P_0x5fa2616c0120 .param/l "CORE_ID" 0 7 9, +C4<00000000000000000000000000000000>;
P_0x5fa2616c0160 .param/l "EXCLUSIVE" 1 7 63, C4<10>;
P_0x5fa2616c01a0 .param/l "FSM_BUS_DRIVE" 1 7 77, C4<0011>;
P_0x5fa2616c01e0 .param/l "FSM_COMPLETE" 1 7 82, C4<1000>;
P_0x5fa2616c0220 .param/l "FSM_IDLE" 1 7 74, C4<0000>;
P_0x5fa2616c0260 .param/l "FSM_SNOOP_PROC" 1 7 81, C4<0111>;
P_0x5fa2616c02a0 .param/l "FSM_TAG_CHECK" 1 7 75, C4<0001>;
P_0x5fa2616c02e0 .param/l "FSM_UPDATE_CACHE" 1 7 80, C4<0110>;
P_0x5fa2616c0320 .param/l "FSM_WAIT_BUS" 1 7 76, C4<0010>;
P_0x5fa2616c0360 .param/l "FSM_WAIT_DATA" 1 7 78, C4<0100>;
P_0x5fa2616c03a0 .param/l "FSM_WRITEBACK" 1 7 79, C4<0101>;
P_0x5fa2616c03e0 .param/l "INVALID" 1 7 61, C4<00>;
P_0x5fa2616c0420 .param/l "MODIFIED" 1 7 64, C4<11>;
P_0x5fa2616c0460 .param/l "SHARED" 1 7 62, C4<01>;
v0x5fa2616b5b90_0 .var "alloc_way", 0 0;
v0x5fa2616c1150_0 .net "any_shared", 0 0, L_0x5fa26161a800;  alias, 1 drivers
v0x5fa2616c1210_0 .var "bus_addr", 7 0;
v0x5fa2616c12b0_0 .var "bus_cmd", 2 0;
v0x5fa2616c1380_0 .var "bus_data_valid", 0 0;
v0x5fa2616c1470_0 .net "bus_grant", 0 0, L_0x5fa2616d3010;  1 drivers
v0x5fa2616c1510_0 .var "bus_req", 0 0;
v0x5fa2616c15b0_0 .var "bus_shared", 0 0;
v0x5fa2616c1680_0 .var "bus_wdata", 63 0;
v0x5fa2616c1750_0 .net "ca_evict_addr", 7 0, L_0x5fa2616d2ed0;  alias, 1 drivers
v0x5fa2616c1820_0 .net "ca_evict_data", 63 0, L_0x5fa26161c8a0;  alias, 1 drivers
v0x5fa2616c18f0_0 .net "ca_evict_mesi", 1 0, L_0x5fa2616d1120;  alias, 1 drivers
v0x5fa2616c19c0_0 .var "ca_evict_set", 1 0;
v0x5fa2616c1a90_0 .var "ca_evict_way", 0 0;
v0x5fa2616c1b60_0 .net "ca_hit", 0 0, v0x5fa2616b8fd0_0;  alias, 1 drivers
v0x5fa2616c1c30_0 .net "ca_hit_data", 63 0, v0x5fa2616b9090_0;  alias, 1 drivers
v0x5fa2616c1d00_0 .net "ca_hit_mesi", 1 0, v0x5fa2616b9170_0;  alias, 1 drivers
v0x5fa2616c1dd0_0 .net "ca_hit_way", 0 0, v0x5fa2616b9250_0;  alias, 1 drivers
v0x5fa2616c1ea0_0 .var "ca_lookup_addr", 7 0;
v0x5fa2616c1f70_0 .net "ca_lru_way", 0 0, L_0x5fa26161c480;  alias, 1 drivers
v0x5fa2616c2040_0 .var "ca_write_addr", 7 0;
v0x5fa2616c2110_0 .var "ca_write_data", 63 0;
v0x5fa2616c21e0_0 .var "ca_write_en", 0 0;
v0x5fa2616c22b0_0 .var "ca_write_mesi", 1 0;
v0x5fa2616c2380_0 .var "ca_write_way", 0 0;
v0x5fa2616c2450_0 .net "clk", 0 0, v0x5fa2616ceba0_0;  alias, 1 drivers
v0x5fa2616c24f0_0 .var "fill_data", 63 0;
v0x5fa2616c2590_0 .var "fsm_state", 3 0;
v0x5fa2616c2630_0 .var "need_wb", 0 0;
v0x5fa2616c26d0_0 .var "pr_ack", 0 0;
v0x5fa2616c2770_0 .net "pr_addr", 7 0, v0x5fa2616cf570_0;  alias, 1 drivers
v0x5fa2616c2810_0 .var "pr_rdata", 7 0;
v0x5fa2616c28d0_0 .net "pr_req", 0 0, v0x5fa2616cf790_0;  alias, 1 drivers
v0x5fa2616c2990_0 .net "pr_wdata", 7 0, v0x5fa2616cf880_0;  alias, 1 drivers
v0x5fa2616c2a70_0 .net "pr_we", 0 0, v0x5fa2616cfaa0_0;  alias, 1 drivers
v0x5fa2616c2b30_0 .net "rst", 0 0, v0x5fa2616d0350_0;  alias, 1 drivers
v0x5fa2616c2bd0_0 .var "saved_addr", 7 0;
v0x5fa2616c2cb0_0 .var "saved_wdata", 7 0;
v0x5fa2616c2d90_0 .var "saved_we", 0 0;
v0x5fa2616c2e50_0 .net "snoop_addr", 7 0, v0x5fa2616b4ec0_0;  alias, 1 drivers
v0x5fa2616c2f40_0 .net "snoop_cmd", 2 0, v0x5fa2616b4f80_0;  alias, 1 drivers
v0x5fa2616c3010_0 .net "snoop_data", 63 0, v0x5fa2616b5120_0;  alias, 1 drivers
v0x5fa2616c30e0_0 .net "snoop_data_ready", 0 0, v0x5fa2616b5200_0;  alias, 1 drivers
v0x5fa2616c31b0_0 .net "snoop_valid", 0 0, v0x5fa2616b52c0_0;  alias, 1 drivers
E_0x5fa261697340/0 .event anyedge, v0x5fa2616c2bd0_0, v0x5fa2616b5b90_0, v0x5fa2616c2590_0, v0x5fa2616c2770_0;
E_0x5fa261697340/1 .event anyedge, v0x5fa2616c2630_0, v0x5fa2616b8c70_0, v0x5fa2616b8b90_0, v0x5fa2616b8fd0_0;
E_0x5fa261697340/2 .event anyedge, v0x5fa2616b9170_0, v0x5fa2616c2d90_0, v0x5fa2616c2cb0_0, v0x5fa2616c24f0_0;
E_0x5fa261697340/3 .event anyedge, v0x5fa2616b3ba0_0, v0x5fa2616b9090_0, v0x5fa2616b4ec0_0, v0x5fa2616b4f80_0;
E_0x5fa261697340/4 .event anyedge, v0x5fa2616b9250_0;
E_0x5fa261697340 .event/or E_0x5fa261697340/0, E_0x5fa261697340/1, E_0x5fa261697340/2, E_0x5fa261697340/3, E_0x5fa261697340/4;
S_0x5fa2616c36c0 .scope module, "u_ctrl1" "mesi_controller" 3 119, 7 8 0, S_0x5fa2616b1580;
 .timescale 0 0;
    .port_info 0 /INPUT 1 "clk";
    .port_info 1 /INPUT 1 "rst";
    .port_info 2 /INPUT 1 "pr_req";
    .port_info 3 /INPUT 1 "pr_we";
    .port_info 4 /INPUT 8 "pr_addr";
    .port_info 5 /INPUT 8 "pr_wdata";
    .port_info 6 /OUTPUT 1 "pr_ack";
    .port_info 7 /OUTPUT 8 "pr_rdata";
    .port_info 8 /OUTPUT 1 "bus_req";
    .port_info 9 /INPUT 1 "bus_grant";
    .port_info 10 /OUTPUT 8 "bus_addr";
    .port_info 11 /OUTPUT 3 "bus_cmd";
    .port_info 12 /OUTPUT 64 "bus_wdata";
    .port_info 13 /OUTPUT 1 "bus_data_valid";
    .port_info 14 /OUTPUT 1 "bus_shared";
    .port_info 15 /INPUT 8 "snoop_addr";
    .port_info 16 /INPUT 3 "snoop_cmd";
    .port_info 17 /INPUT 1 "snoop_valid";
    .port_info 18 /INPUT 64 "snoop_data";
    .port_info 19 /INPUT 1 "snoop_data_ready";
    .port_info 20 /INPUT 1 "any_shared";
    .port_info 21 /OUTPUT 8 "ca_lookup_addr";
    .port_info 22 /INPUT 1 "ca_hit";
    .port_info 23 /INPUT 2 "ca_hit_mesi";
    .port_info 24 /INPUT 1 "ca_hit_way";
    .port_info 25 /INPUT 64 "ca_hit_data";
    .port_info 26 /INPUT 1 "ca_lru_way";
    .port_info 27 /OUTPUT 1 "ca_write_en";
    .port_info 28 /OUTPUT 8 "ca_write_addr";
    .port_info 29 /OUTPUT 1 "ca_write_way";
    .port_info 30 /OUTPUT 2 "ca_write_mesi";
    .port_info 31 /OUTPUT 64 "ca_write_data";
    .port_info 32 /OUTPUT 2 "ca_evict_set";
    .port_info 33 /OUTPUT 1 "ca_evict_way";
    .port_info 34 /INPUT 2 "ca_evict_mesi";
    .port_info 35 /INPUT 8 "ca_evict_addr";
    .port_info 36 /INPUT 64 "ca_evict_data";
P_0x5fa2616c3850 .param/l "CMD_BUSRD" 1 7 68, C4<001>;
P_0x5fa2616c3890 .param/l "CMD_BUSRDX" 1 7 69, C4<010>;
P_0x5fa2616c38d0 .param/l "CMD_BUSUPGR" 1 7 70, C4<011>;
P_0x5fa2616c3910 .param/l "CMD_BUSWB" 1 7 71, C4<100>;
P_0x5fa2616c3950 .param/l "CMD_IDLE" 1 7 67, C4<000>;
P_0x5fa2616c3990 .param/l "CORE_ID" 0 7 9, +C4<00000000000000000000000000000001>;
P_0x5fa2616c39d0 .param/l "EXCLUSIVE" 1 7 63, C4<10>;
P_0x5fa2616c3a10 .param/l "FSM_BUS_DRIVE" 1 7 77, C4<0011>;
P_0x5fa2616c3a50 .param/l "FSM_COMPLETE" 1 7 82, C4<1000>;
P_0x5fa2616c3a90 .param/l "FSM_IDLE" 1 7 74, C4<0000>;
P_0x5fa2616c3ad0 .param/l "FSM_SNOOP_PROC" 1 7 81, C4<0111>;
P_0x5fa2616c3b10 .param/l "FSM_TAG_CHECK" 1 7 75, C4<0001>;
P_0x5fa2616c3b50 .param/l "FSM_UPDATE_CACHE" 1 7 80, C4<0110>;
P_0x5fa2616c3b90 .param/l "FSM_WAIT_BUS" 1 7 76, C4<0010>;
P_0x5fa2616c3bd0 .param/l "FSM_WAIT_DATA" 1 7 78, C4<0100>;
P_0x5fa2616c3c10 .param/l "FSM_WRITEBACK" 1 7 79, C4<0101>;
P_0x5fa2616c3c50 .param/l "INVALID" 1 7 61, C4<00>;
P_0x5fa2616c3c90 .param/l "MODIFIED" 1 7 64, C4<11>;
P_0x5fa2616c3cd0 .param/l "SHARED" 1 7 62, C4<01>;
v0x5fa2616c4a80_0 .var "alloc_way", 0 0;
v0x5fa2616c4b60_0 .net "any_shared", 0 0, L_0x5fa26161a800;  alias, 1 drivers
v0x5fa2616c4c20_0 .var "bus_addr", 7 0;
v0x5fa2616c4cf0_0 .var "bus_cmd", 2 0;
v0x5fa2616c4dc0_0 .var "bus_data_valid", 0 0;
v0x5fa2616c4e60_0 .net "bus_grant", 0 0, L_0x5fa2616d5a70;  1 drivers
v0x5fa2616c4f00_0 .var "bus_req", 0 0;
v0x5fa2616c4fa0_0 .var "bus_shared", 0 0;
v0x5fa2616c5070_0 .var "bus_wdata", 63 0;
v0x5fa2616c5140_0 .net "ca_evict_addr", 7 0, L_0x5fa2616d5890;  alias, 1 drivers
v0x5fa2616c5210_0 .net "ca_evict_data", 63 0, L_0x5fa261619f90;  alias, 1 drivers
v0x5fa2616c52e0_0 .net "ca_evict_mesi", 1 0, L_0x5fa2616d3c30;  alias, 1 drivers
v0x5fa2616c53b0_0 .var "ca_evict_set", 1 0;
v0x5fa2616c5480_0 .var "ca_evict_way", 0 0;
v0x5fa2616c5550_0 .net "ca_hit", 0 0, v0x5fa2616be050_0;  alias, 1 drivers
v0x5fa2616c5620_0 .net "ca_hit_data", 63 0, v0x5fa2616be110_0;  alias, 1 drivers
v0x5fa2616c56f0_0 .net "ca_hit_mesi", 1 0, v0x5fa2616be1f0_0;  alias, 1 drivers
v0x5fa2616c57c0_0 .net "ca_hit_way", 0 0, v0x5fa2616be2d0_0;  alias, 1 drivers
v0x5fa2616c5890_0 .var "ca_lookup_addr", 7 0;
v0x5fa2616c5960_0 .net "ca_lru_way", 0 0, L_0x5fa26161cf40;  alias, 1 drivers
v0x5fa2616c5a30_0 .var "ca_write_addr", 7 0;
v0x5fa2616c5b00_0 .var "ca_write_data", 63 0;
v0x5fa2616c5bd0_0 .var "ca_write_en", 0 0;
v0x5fa2616c5ca0_0 .var "ca_write_mesi", 1 0;
v0x5fa2616c5d70_0 .var "ca_write_way", 0 0;
v0x5fa2616c5e40_0 .net "clk", 0 0, v0x5fa2616ceba0_0;  alias, 1 drivers
v0x5fa2616c5ee0_0 .var "fill_data", 63 0;
v0x5fa2616c5f80_0 .var "fsm_state", 3 0;
v0x5fa2616c6020_0 .var "need_wb", 0 0;
v0x5fa2616c60c0_0 .var "pr_ack", 0 0;
v0x5fa2616c6160_0 .net "pr_addr", 7 0, v0x5fa2616cfc80_0;  alias, 1 drivers
v0x5fa2616c6200_0 .var "pr_rdata", 7 0;
v0x5fa2616c62e0_0 .net "pr_req", 0 0, v0x5fa2616cfea0_0;  alias, 1 drivers
v0x5fa2616c65b0_0 .net "pr_wdata", 7 0, v0x5fa2616cff90_0;  alias, 1 drivers
v0x5fa2616c6690_0 .net "pr_we", 0 0, v0x5fa2616d00a0_0;  alias, 1 drivers
v0x5fa2616c6750_0 .net "rst", 0 0, v0x5fa2616d0350_0;  alias, 1 drivers
v0x5fa2616c67f0_0 .var "saved_addr", 7 0;
v0x5fa2616c68d0_0 .var "saved_wdata", 7 0;
v0x5fa2616c69b0_0 .var "saved_we", 0 0;
v0x5fa2616c6a70_0 .net "snoop_addr", 7 0, v0x5fa2616b4ec0_0;  alias, 1 drivers
v0x5fa2616c6b30_0 .net "snoop_cmd", 2 0, v0x5fa2616b4f80_0;  alias, 1 drivers
v0x5fa2616c6c40_0 .net "snoop_data", 63 0, v0x5fa2616b5120_0;  alias, 1 drivers
v0x5fa2616c6d50_0 .net "snoop_data_ready", 0 0, v0x5fa2616b5200_0;  alias, 1 drivers
v0x5fa2616c6e40_0 .net "snoop_valid", 0 0, v0x5fa2616b52c0_0;  alias, 1 drivers
E_0x5fa2616c49b0/0 .event anyedge, v0x5fa2616c67f0_0, v0x5fa2616c4a80_0, v0x5fa2616c5f80_0, v0x5fa2616c6160_0;
E_0x5fa2616c49b0/1 .event anyedge, v0x5fa2616c6020_0, v0x5fa2616bdcf0_0, v0x5fa2616bdc10_0, v0x5fa2616be050_0;
E_0x5fa2616c49b0/2 .event anyedge, v0x5fa2616be1f0_0, v0x5fa2616c69b0_0, v0x5fa2616c68d0_0, v0x5fa2616c5ee0_0;
E_0x5fa2616c49b0/3 .event anyedge, v0x5fa2616b3ba0_0, v0x5fa2616be110_0, v0x5fa2616b4ec0_0, v0x5fa2616b4f80_0;
E_0x5fa2616c49b0/4 .event anyedge, v0x5fa2616be2d0_0;
E_0x5fa2616c49b0 .event/or E_0x5fa2616c49b0/0, E_0x5fa2616c49b0/1, E_0x5fa2616c49b0/2, E_0x5fa2616c49b0/3, E_0x5fa2616c49b0/4;
S_0x5fa2616c7500 .scope module, "u_memory" "memory_controller" 3 166, 8 9 0, S_0x5fa2616b1580;
 .timescale 0 0;
    .port_info 0 /INPUT 1 "clk";
    .port_info 1 /INPUT 1 "rst";
    .port_info 2 /INPUT 8 "mem_addr";
    .port_info 3 /INPUT 3 "mem_cmd";
    .port_info 4 /INPUT 64 "mem_wdata";
    .port_info 5 /INPUT 1 "mem_req";
    .port_info 6 /OUTPUT 64 "mem_data";
    .port_info 7 /OUTPUT 1 "mem_data_valid";
    .port_info 8 /OUTPUT 1 "mem_wb_ack";
P_0x5fa2616c76e0 .param/l "CMD_BUSRD" 1 8 28, C4<001>;
P_0x5fa2616c7720 .param/l "CMD_BUSRDX" 1 8 29, C4<010>;
P_0x5fa2616c7760 .param/l "CMD_BUSUPGR" 1 8 30, C4<011>;
P_0x5fa2616c77a0 .param/l "CMD_BUSWB" 1 8 31, C4<100>;
P_0x5fa2616c77e0 .param/l "CMD_IDLE" 1 8 27, C4<000>;
P_0x5fa2616c7820 .param/l "MEM_DECODE" 1 8 34, C4<001>;
P_0x5fa2616c7860 .param/l "MEM_IDLE" 1 8 33, C4<000>;
P_0x5fa2616c78a0 .param/l "MEM_LATENCY" 0 8 10, +C4<00000000000000000000000000001010>;
P_0x5fa2616c78e0 .param/l "MEM_RESPOND" 1 8 36, C4<011>;
P_0x5fa2616c7920 .param/l "MEM_WAIT" 1 8 35, C4<010>;
P_0x5fa2616c7960 .param/l "MEM_WRITE" 1 8 37, C4<100>;
v0x5fa2616c8730_0 .net "clk", 0 0, v0x5fa2616ceba0_0;  alias, 1 drivers
v0x5fa2616c87f0_0 .var/i "init_i", 31 0;
v0x5fa2616c88d0_0 .var "lat_count", 3 0;
v0x5fa2616c8990_0 .net "mem_addr", 7 0, v0x5fa2616b48f0_0;  alias, 1 drivers
v0x5fa2616c8a50 .array "mem_array", 255 0, 7 0;
v0x5fa2616c8b40_0 .net "mem_cmd", 2 0, v0x5fa2616b49d0_0;  alias, 1 drivers
v0x5fa2616c8c00_0 .var "mem_data", 63 0;
v0x5fa2616c8ca0_0 .var "mem_data_valid", 0 0;
v0x5fa2616c8d40_0 .var "mem_fsm", 2 0;
v0x5fa2616c8de0_0 .net "mem_req", 0 0, v0x5fa2616b4c50_0;  alias, 1 drivers
v0x5fa2616c8eb0_0 .var "mem_wb_ack", 0 0;
v0x5fa2616c8f50_0 .net "mem_wdata", 63 0, v0x5fa2616b4d10_0;  alias, 1 drivers
v0x5fa2616c9040_0 .net "rst", 0 0, v0x5fa2616d0350_0;  alias, 1 drivers
v0x5fa2616c90e0_0 .var "saved_addr", 7 0;
v0x5fa2616c91a0_0 .var "saved_cmd", 2 0;
v0x5fa2616c9280_0 .var "saved_wdata", 63 0;
S_0x5fa2616c7fb0 .scope begin, "rd_block" "rd_block" 8 101, 8 101 0, S_0x5fa2616c7500;
 .timescale 0 0;
v0x5fa2616c8190_0 .var/i "rb", 31 0;
v0x5fa2616c8290_0 .var "rbase", 7 0;
S_0x5fa2616c8370 .scope begin, "wb_block" "wb_block" 8 118, 8 118 0, S_0x5fa2616c7500;
 .timescale 0 0;
v0x5fa2616c8570_0 .var/i "wb", 31 0;
v0x5fa2616c8650_0 .var "wbase", 7 0;
S_0x5fa2616ce0b0 .scope task, "get_mesi_core0" "get_mesi_core0" 2 207, 2 207 0, S_0x5fa261679860;
 .timescale -9 -12;
v0x5fa2616b1760_0 .var "set", 1 0;
v0x5fa2616ce290_0 .var "state", 1 0;
v0x5fa2616ce330_0 .var "way", 0 0;
TD_tb_mesi_top.get_mesi_core0 ;
    %load/vec4 v0x5fa2616b1760_0;
    %pad/u 6;
    %pad/u 7;
    %muli 2, 0, 7;
    %pad/u 8;
    %load/vec4 v0x5fa2616ce330_0;
    %pad/u 3;
    %pad/u 8;
    %add;
    %ix/vec4 4;
    %load/vec4a v0x5fa2616b98d0, 4;
    %store/vec4 v0x5fa2616ce290_0, 0, 2;
    %end;
S_0x5fa2616ce3d0 .scope task, "get_mesi_core1" "get_mesi_core1" 2 216, 2 216 0, S_0x5fa261679860;
 .timescale -9 -12;
v0x5fa2616ce5b0_0 .var "set", 1 0;
v0x5fa2616ce650_0 .var "state", 1 0;
v0x5fa2616ce6f0_0 .var "way", 0 0;
TD_tb_mesi_top.get_mesi_core1 ;
    %load/vec4 v0x5fa2616ce5b0_0;
    %pad/u 6;
    %pad/u 7;
    %muli 2, 0, 7;
    %pad/u 8;
    %load/vec4 v0x5fa2616ce6f0_0;
    %pad/u 3;
    %pad/u 8;
    %add;
    %ix/vec4 4;
    %load/vec4a v0x5fa2616be950, 4;
    %store/vec4 v0x5fa2616ce650_0, 0, 2;
    %end;
S_0x5fa2616ce790 .scope task, "idle_gap" "idle_gap" 2 237, 2 237 0, S_0x5fa261679860;
 .timescale -9 -12;
TD_tb_mesi_top.idle_gap ;
    %pushi/vec4 5, 0, 32;
T_7.22 %dup/vec4;
    %pushi/vec4 0, 0, 32;
    %cmp/s;
    %jmp/1xz T_7.23, 5;
    %jmp/1 T_7.23, 4;
    %pushi/vec4 1, 0, 32;
    %sub;
    %wait E_0x5fa2615773c0;
    %jmp T_7.22;
T_7.23 ;
    %pop/vec4 1;
    %end;
S_0x5fa2616ce970 .scope task, "print_scenario" "print_scenario" 2 226, 2 226 0, S_0x5fa261679860;
 .timescale -9 -12;
v0x5fa2616ceb00_0 .var "name", 255 0;
TD_tb_mesi_top.print_scenario ;
    %vpi_call 2 229 "$display", "\000" {0 0 0};
    %vpi_call 2 230 "$display", "========================================" {0 0 0};
    %vpi_call 2 231 "$display", " %s", v0x5fa2616ceb00_0 {0 0 0};
    %vpi_call 2 232 "$display", "========================================" {0 0 0};
    %end;
    .scope S_0x5fa2616b5700;
T_9 ;
    %wait E_0x5fa261541330;
    %pushi/vec4 0, 0, 1;
    %store/vec4 v0x5fa2616b8fd0_0, 0, 1;
    %pushi/vec4 0, 0, 2;
    %store/vec4 v0x5fa2616b9170_0, 0, 2;
    %pushi/vec4 0, 0, 1;
    %store/vec4 v0x5fa2616b9250_0, 0, 1;
    %pushi/vec4 0, 0, 64;
    %store/vec4 v0x5fa2616b9090_0, 0, 64;
    %pushi/vec4 0, 0, 32;
    %store/vec4 v0x5fa2616b9fd0_0, 0, 32;
T_9.0 ;
    %load/vec4 v0x5fa2616b9fd0_0;
    %cmpi/s 2, 0, 32;
    %jmp/0xz T_9.1, 5;
    %load/vec4 v0x5fa2616b95b0_0;
    %pad/u 6;
    %pad/u 7;
    %muli 2, 0, 7;
    %pad/u 8;
    %load/vec4 v0x5fa2616b9fd0_0;
    %pad/s 8;
    %add;
    %ix/vec4 4;
    %load/vec4a v0x5fa2616b9de0, 4;
    %flag_set/vec4 10;
    %flag_get/vec4 10;
    %jmp/0 T_9.5, 10;
    %load/vec4 v0x5fa2616b95b0_0;
    %pad/u 6;
    %pad/u 7;
    %muli 2, 0, 7;
    %pad/u 8;
    %load/vec4 v0x5fa2616b9fd0_0;
    %pad/s 8;
    %add;
    %ix/vec4 4;
    %load/vec4a v0x5fa2616b9bd0, 4;
    %load/vec4 v0x5fa2616b9690_0;
    %cmp/e;
    %flag_get/vec4 4;
    %and;
T_9.5;
    %flag_set/vec4 9;
    %flag_get/vec4 9;
    %jmp/0 T_9.4, 9;
    %load/vec4 v0x5fa2616b95b0_0;
    %pad/u 6;
    %pad/u 7;
    %muli 2, 0, 7;
    %pad/u 8;
    %load/vec4 v0x5fa2616b9fd0_0;
    %pad/s 8;
    %add;
    %ix/vec4 4;
    %load/vec4a v0x5fa2616b98d0, 4;
    %pushi/vec4 0, 0, 2;
    %cmp/ne;
    %flag_get/vec4 4;
    %and;
T_9.4;
    %flag_set/vec4 8;
    %jmp/0xz  T_9.2, 8;
    %pushi/vec4 1, 0, 1;
    %store/vec4 v0x5fa2616b8fd0_0, 0, 1;
    %load/vec4 v0x5fa2616b95b0_0;
    %pad/u 6;
    %pad/u 7;
    %muli 2, 0, 7;
    %pad/u 8;
    %load/vec4 v0x5fa2616b9fd0_0;
    %pad/s 8;
    %add;
    %ix/vec4 4;
    %load/vec4a v0x5fa2616b98d0, 4;
    %store/vec4 v0x5fa2616b9170_0, 0, 2;
    %load/vec4 v0x5fa2616b9fd0_0;
    %parti/s 1, 0, 2;
    %store/vec4 v0x5fa2616b9250_0, 0, 1;
    %load/vec4 v0x5fa2616b95b0_0;
    %pad/u 6;
    %pad/u 7;
    %muli 2, 0, 7;
    %pad/u 8;
    %load/vec4 v0x5fa2616b9fd0_0;
    %pad/s 8;
    %add;
    %ix/vec4 4;
    %load/vec4a v0x5fa2616b8980, 4;
    %store/vec4 v0x5fa2616b9090_0, 0, 64;
T_9.2 ;
    %load/vec4 v0x5fa2616b9fd0_0;
    %addi 1, 0, 32;
    %store/vec4 v0x5fa2616b9fd0_0, 0, 32;
    %jmp T_9.0;
T_9.1 ;
    %jmp T_9;
    .thread T_9, $push;
    .scope S_0x5fa2616b5700;
T_10 ;
    %wait E_0x5fa261574c20;
    %load/vec4 v0x5fa2616b9ae0_0;
    %flag_set/vec4 8;
    %jmp/0xz  T_10.0, 8;
    %pushi/vec4 0, 0, 32;
    %store/vec4 v0x5fa2616b9310_0, 0, 32;
T_10.2 ;
    %load/vec4 v0x5fa2616b9310_0;
    %cmpi/s 4, 0, 32;
    %jmp/0xz T_10.3, 5;
    %pushi/vec4 0, 0, 32;
    %store/vec4 v0x5fa2616b93f0_0, 0, 32;
T_10.4 ;
    %load/vec4 v0x5fa2616b93f0_0;
    %cmpi/s 2, 0, 32;
    %jmp/0xz T_10.5, 5;
    %pushi/vec4 0, 0, 1;
    %load/vec4 v0x5fa2616b9310_0;
    %pad/s 34;
    %pad/s 35;
    %muli 2, 0, 35;
    %pad/s 36;
    %load/vec4 v0x5fa2616b93f0_0;
    %pad/s 36;
    %add;
    %ix/vec4/s 3;
    %ix/load 4, 0, 0; Constant delay
    %assign/vec4/a/d v0x5fa2616b9de0, 0, 4;
    %pushi/vec4 0, 0, 2;
    %load/vec4 v0x5fa2616b9310_0;
    %pad/s 34;
    %pad/s 35;
    %muli 2, 0, 35;
    %pad/s 36;
    %load/vec4 v0x5fa2616b93f0_0;
    %pad/s 36;
    %add;
    %ix/vec4/s 3;
    %ix/load 4, 0, 0; Constant delay
    %assign/vec4/a/d v0x5fa2616b98d0, 0, 4;
    %pushi/vec4 0, 0, 3;
    %load/vec4 v0x5fa2616b9310_0;
    %pad/s 34;
    %pad/s 35;
    %muli 2, 0, 35;
    %pad/s 36;
    %load/vec4 v0x5fa2616b93f0_0;
    %pad/s 36;
    %add;
    %ix/vec4/s 3;
    %ix/load 4, 0, 0; Constant delay
    %assign/vec4/a/d v0x5fa2616b9bd0, 0, 4;
    %pushi/vec4 0, 0, 64;
    %load/vec4 v0x5fa2616b9310_0;
    %pad/s 34;
    %pad/s 35;
    %muli 2, 0, 35;
    %pad/s 36;
    %load/vec4 v0x5fa2616b93f0_0;
    %pad/s 36;
    %add;
    %ix/vec4/s 3;
    %ix/load 4, 0, 0; Constant delay
    %assign/vec4/a/d v0x5fa2616b8980, 0, 4;
    %load/vec4 v0x5fa2616b93f0_0;
    %addi 1, 0, 32;
    %store/vec4 v0x5fa2616b93f0_0, 0, 32;
    %jmp T_10.4;
T_10.5 ;
    %pushi/vec4 0, 0, 1;
    %ix/getv/s 3, v0x5fa2616b9310_0;
    %ix/load 4, 0, 0; Constant delay
    %assign/vec4/a/d v0x5fa2616b9770, 0, 4;
    %load/vec4 v0x5fa2616b9310_0;
    %addi 1, 0, 32;
    %store/vec4 v0x5fa2616b9310_0, 0, 32;
    %jmp T_10.2;
T_10.3 ;
    %jmp T_10.1;
T_10.0 ;
    %load/vec4 v0x5fa2616ba270_0;
    %flag_set/vec4 8;
    %jmp/0xz  T_10.6, 8;
    %pushi/vec4 1, 0, 1;
    %load/vec4 v0x5fa2616ba330_0;
    %pad/u 6;
    %pad/u 7;
    %muli 2, 0, 7;
    %pad/u 8;
    %load/vec4 v0x5fa2616ba5d0_0;
    %pad/u 3;
    %pad/u 8;
    %add;
    %ix/vec4 3;
    %ix/load 4, 0, 0; Constant delay
    %assign/vec4/a/d v0x5fa2616b9de0, 0, 4;
    %load/vec4 v0x5fa2616ba410_0;
    %load/vec4 v0x5fa2616ba330_0;
    %pad/u 6;
    %pad/u 7;
    %muli 2, 0, 7;
    %pad/u 8;
    %load/vec4 v0x5fa2616ba5d0_0;
    %pad/u 3;
    %pad/u 8;
    %add;
    %ix/vec4 3;
    %ix/load 4, 0, 0; Constant delay
    %assign/vec4/a/d v0x5fa2616b98d0, 0, 4;
    %load/vec4 v0x5fa2616ba4f0_0;
    %load/vec4 v0x5fa2616ba330_0;
    %pad/u 6;
    %pad/u 7;
    %muli 2, 0, 7;
    %pad/u 8;
    %load/vec4 v0x5fa2616ba5d0_0;
    %pad/u 3;
    %pad/u 8;
    %add;
    %ix/vec4 3;
    %ix/load 4, 0, 0; Constant delay
    %assign/vec4/a/d v0x5fa2616b9bd0, 0, 4;
    %load/vec4 v0x5fa2616ba190_0;
    %load/vec4 v0x5fa2616ba330_0;
    %pad/u 6;
    %pad/u 7;
    %muli 2, 0, 7;
    %pad/u 8;
    %load/vec4 v0x5fa2616ba5d0_0;
    %pad/u 3;
    %pad/u 8;
    %add;
    %ix/vec4 3;
    %ix/load 4, 0, 0; Constant delay
    %assign/vec4/a/d v0x5fa2616b8980, 0, 4;
    %load/vec4 v0x5fa2616ba5d0_0;
    %load/vec4 v0x5fa2616ba330_0;
    %pad/u 4;
    %ix/vec4 3;
    %ix/load 4, 0, 0; Constant delay
    %assign/vec4/a/d v0x5fa2616b9770, 0, 4;
T_10.6 ;
T_10.1 ;
    %jmp T_10;
    .thread T_10;
    .scope S_0x5fa2616bfdb0;
T_11 ;
    %wait E_0x5fa261574c20;
    %load/vec4 v0x5fa2616c2b30_0;
    %flag_set/vec4 8;
    %jmp/0xz  T_11.0, 8;
    %pushi/vec4 0, 0, 4;
    %assign/vec4 v0x5fa2616c2590_0, 0;
    %pushi/vec4 0, 0, 1;
    %assign/vec4 v0x5fa2616c2d90_0, 0;
    %pushi/vec4 0, 0, 8;
    %assign/vec4 v0x5fa2616c2bd0_0, 0;
    %pushi/vec4 0, 0, 8;
    %assign/vec4 v0x5fa2616c2cb0_0, 0;
    %pushi/vec4 0, 0, 1;
    %assign/vec4 v0x5fa2616b5b90_0, 0;
    %pushi/vec4 0, 0, 64;
    %assign/vec4 v0x5fa2616c24f0_0, 0;
    %pushi/vec4 0, 0, 1;
    %assign/vec4 v0x5fa2616c2630_0, 0;
    %jmp T_11.1;
T_11.0 ;
    %load/vec4 v0x5fa2616c2590_0;
    %dup/vec4;
    %pushi/vec4 0, 0, 4;
    %cmp/u;
    %jmp/1 T_11.2, 6;
    %dup/vec4;
    %pushi/vec4 1, 0, 4;
    %cmp/u;
    %jmp/1 T_11.3, 6;
    %dup/vec4;
    %pushi/vec4 2, 0, 4;
    %cmp/u;
    %jmp/1 T_11.4, 6;
    %dup/vec4;
    %pushi/vec4 3, 0, 4;
    %cmp/u;
    %jmp/1 T_11.5, 6;
    %dup/vec4;
    %pushi/vec4 5, 0, 4;
    %cmp/u;
    %jmp/1 T_11.6, 6;
    %dup/vec4;
    %pushi/vec4 4, 0, 4;
    %cmp/u;
    %jmp/1 T_11.7, 6;
    %dup/vec4;
    %pushi/vec4 6, 0, 4;
    %cmp/u;
    %jmp/1 T_11.8, 6;
    %dup/vec4;
    %pushi/vec4 8, 0, 4;
    %cmp/u;
    %jmp/1 T_11.9, 6;
    %dup/vec4;
    %pushi/vec4 7, 0, 4;
    %cmp/u;
    %jmp/1 T_11.10, 6;
    %pushi/vec4 0, 0, 4;
    %assign/vec4 v0x5fa2616c2590_0, 0;
    %jmp T_11.12;
T_11.2 ;
    %load/vec4 v0x5fa2616c28d0_0;
    %flag_set/vec4 9;
    %flag_get/vec4 9;
    %jmp/0 T_11.15, 9;
    %load/vec4 v0x5fa2616c31b0_0;
    %nor/r;
    %and;
T_11.15;
    %flag_set/vec4 8;
    %jmp/0xz  T_11.13, 8;
    %load/vec4 v0x5fa2616c2a70_0;
    %assign/vec4 v0x5fa2616c2d90_0, 0;
    %load/vec4 v0x5fa2616c2770_0;
    %assign/vec4 v0x5fa2616c2bd0_0, 0;
    %load/vec4 v0x5fa2616c2990_0;
    %assign/vec4 v0x5fa2616c2cb0_0, 0;
    %pushi/vec4 1, 0, 4;
    %assign/vec4 v0x5fa2616c2590_0, 0;
    %jmp T_11.14;
T_11.13 ;
    %load/vec4 v0x5fa2616c31b0_0;
    %flag_set/vec4 8;
    %jmp/0xz  T_11.16, 8;
    %pushi/vec4 7, 0, 4;
    %assign/vec4 v0x5fa2616c2590_0, 0;
T_11.16 ;
T_11.14 ;
    %jmp T_11.12;
T_11.3 ;
    %load/vec4 v0x5fa2616c1b60_0;
    %flag_set/vec4 8;
    %jmp/0xz  T_11.18, 8;
    %load/vec4 v0x5fa2616c1d00_0;
    %dup/vec4;
    %pushi/vec4 3, 0, 2;
    %cmp/u;
    %jmp/1 T_11.20, 6;
    %dup/vec4;
    %pushi/vec4 2, 0, 2;
    %cmp/u;
    %jmp/1 T_11.21, 6;
    %dup/vec4;
    %pushi/vec4 1, 0, 2;
    %cmp/u;
    %jmp/1 T_11.22, 6;
    %pushi/vec4 2, 0, 4;
    %assign/vec4 v0x5fa2616c2590_0, 0;
    %jmp T_11.24;
T_11.20 ;
    %load/vec4 v0x5fa2616c2d90_0;
    %nor/r;
    %flag_set/vec4 8;
    %jmp/0xz  T_11.25, 8;
    %pushi/vec4 8, 0, 4;
    %assign/vec4 v0x5fa2616c2590_0, 0;
    %jmp T_11.26;
T_11.25 ;
    %pushi/vec4 6, 0, 4;
    %assign/vec4 v0x5fa2616c2590_0, 0;
T_11.26 ;
    %jmp T_11.24;
T_11.21 ;
    %load/vec4 v0x5fa2616c2d90_0;
    %nor/r;
    %flag_set/vec4 8;
    %jmp/0xz  T_11.27, 8;
    %pushi/vec4 8, 0, 4;
    %assign/vec4 v0x5fa2616c2590_0, 0;
    %jmp T_11.28;
T_11.27 ;
    %pushi/vec4 6, 0, 4;
    %assign/vec4 v0x5fa2616c2590_0, 0;
T_11.28 ;
    %jmp T_11.24;
T_11.22 ;
    %load/vec4 v0x5fa2616c2d90_0;
    %nor/r;
    %flag_set/vec4 8;
    %jmp/0xz  T_11.29, 8;
    %pushi/vec4 8, 0, 4;
    %assign/vec4 v0x5fa2616c2590_0, 0;
    %jmp T_11.30;
T_11.29 ;
    %load/vec4 v0x5fa2616c1dd0_0;
    %assign/vec4 v0x5fa2616b5b90_0, 0;
    %pushi/vec4 0, 0, 1;
    %assign/vec4 v0x5fa2616c2630_0, 0;
    %pushi/vec4 2, 0, 4;
    %assign/vec4 v0x5fa2616c2590_0, 0;
T_11.30 ;
    %jmp T_11.24;
T_11.24 ;
    %pop/vec4 1;
    %jmp T_11.19;
T_11.18 ;
    %load/vec4 v0x5fa2616c1f70_0;
    %assign/vec4 v0x5fa2616b5b90_0, 0;
    %load/vec4 v0x5fa2616c18f0_0;
    %pushi/vec4 3, 0, 2;
    %cmp/e;
    %flag_get/vec4 4;
    %assign/vec4 v0x5fa2616c2630_0, 0;
    %pushi/vec4 2, 0, 4;
    %assign/vec4 v0x5fa2616c2590_0, 0;
T_11.19 ;
    %jmp T_11.12;
T_11.4 ;
    %load/vec4 v0x5fa2616c1470_0;
    %flag_set/vec4 8;
    %jmp/0xz  T_11.31, 8;
    %pushi/vec4 3, 0, 4;
    %assign/vec4 v0x5fa2616c2590_0, 0;
T_11.31 ;
    %jmp T_11.12;
T_11.5 ;
    %load/vec4 v0x5fa2616c2630_0;
    %flag_set/vec4 8;
    %jmp/0xz  T_11.33, 8;
    %pushi/vec4 0, 0, 1;
    %assign/vec4 v0x5fa2616c2630_0, 0;
    %pushi/vec4 5, 0, 4;
    %assign/vec4 v0x5fa2616c2590_0, 0;
    %jmp T_11.34;
T_11.33 ;
    %load/vec4 v0x5fa2616c1b60_0;
    %flag_set/vec4 10;
    %flag_get/vec4 10;
    %jmp/0 T_11.38, 10;
    %load/vec4 v0x5fa2616c1d00_0;
    %pushi/vec4 1, 0, 2;
    %cmp/e;
    %flag_get/vec4 4;
    %and;
T_11.38;
    %flag_set/vec4 9;
    %flag_get/vec4 9;
    %jmp/0 T_11.37, 9;
    %load/vec4 v0x5fa2616c2d90_0;
    %and;
T_11.37;
    %flag_set/vec4 8;
    %jmp/0xz  T_11.35, 8;
    %pushi/vec4 6, 0, 4;
    %assign/vec4 v0x5fa2616c2590_0, 0;
    %jmp T_11.36;
T_11.35 ;
    %pushi/vec4 4, 0, 4;
    %assign/vec4 v0x5fa2616c2590_0, 0;
T_11.36 ;
T_11.34 ;
    %jmp T_11.12;
T_11.6 ;
    %pushi/vec4 2, 0, 4;
    %assign/vec4 v0x5fa2616c2590_0, 0;
    %jmp T_11.12;
T_11.7 ;
    %load/vec4 v0x5fa2616c30e0_0;
    %flag_set/vec4 8;
    %jmp/0xz  T_11.39, 8;
    %load/vec4 v0x5fa2616c3010_0;
    %assign/vec4 v0x5fa2616c24f0_0, 0;
    %pushi/vec4 6, 0, 4;
    %assign/vec4 v0x5fa2616c2590_0, 0;
T_11.39 ;
    %jmp T_11.12;
T_11.8 ;
    %pushi/vec4 8, 0, 4;
    %assign/vec4 v0x5fa2616c2590_0, 0;
    %jmp T_11.12;
T_11.9 ;
    %pushi/vec4 0, 0, 4;
    %assign/vec4 v0x5fa2616c2590_0, 0;
    %jmp T_11.12;
T_11.10 ;
    %pushi/vec4 0, 0, 4;
    %assign/vec4 v0x5fa2616c2590_0, 0;
    %jmp T_11.12;
T_11.12 ;
    %pop/vec4 1;
T_11.1 ;
    %jmp T_11;
    .thread T_11;
    .scope S_0x5fa2616bfdb0;
T_12 ;
    %wait E_0x5fa261697340;
    %pushi/vec4 0, 0, 1;
    %store/vec4 v0x5fa2616c26d0_0, 0, 1;
    %pushi/vec4 0, 0, 8;
    %store/vec4 v0x5fa2616c2810_0, 0, 8;
    %pushi/vec4 0, 0, 1;
    %store/vec4 v0x5fa2616c1510_0, 0, 1;
    %pushi/vec4 0, 0, 8;
    %store/vec4 v0x5fa2616c1210_0, 0, 8;
    %pushi/vec4 0, 0, 3;
    %store/vec4 v0x5fa2616c12b0_0, 0, 3;
    %pushi/vec4 0, 0, 64;
    %store/vec4 v0x5fa2616c1680_0, 0, 64;
    %pushi/vec4 0, 0, 1;
    %store/vec4 v0x5fa2616c1380_0, 0, 1;
    %pushi/vec4 0, 0, 1;
    %store/vec4 v0x5fa2616c15b0_0, 0, 1;
    %load/vec4 v0x5fa2616c2bd0_0;
    %store/vec4 v0x5fa2616c1ea0_0, 0, 8;
    %pushi/vec4 0, 0, 1;
    %store/vec4 v0x5fa2616c21e0_0, 0, 1;
    %pushi/vec4 0, 0, 8;
    %store/vec4 v0x5fa2616c2040_0, 0, 8;
    %pushi/vec4 0, 0, 1;
    %store/vec4 v0x5fa2616c2380_0, 0, 1;
    %pushi/vec4 0, 0, 2;
    %store/vec4 v0x5fa2616c22b0_0, 0, 2;
    %pushi/vec4 0, 0, 64;
    %store/vec4 v0x5fa2616c2110_0, 0, 64;
    %load/vec4 v0x5fa2616c2bd0_0;
    %parti/s 2, 3, 3;
    %store/vec4 v0x5fa2616c19c0_0, 0, 2;
    %load/vec4 v0x5fa2616b5b90_0;
    %store/vec4 v0x5fa2616c1a90_0, 0, 1;
    %load/vec4 v0x5fa2616c2590_0;
    %dup/vec4;
    %pushi/vec4 0, 0, 4;
    %cmp/u;
    %jmp/1 T_12.0, 6;
    %dup/vec4;
    %pushi/vec4 1, 0, 4;
    %cmp/u;
    %jmp/1 T_12.1, 6;
    %dup/vec4;
    %pushi/vec4 2, 0, 4;
    %cmp/u;
    %jmp/1 T_12.2, 6;
    %dup/vec4;
    %pushi/vec4 3, 0, 4;
    %cmp/u;
    %jmp/1 T_12.3, 6;
    %dup/vec4;
    %pushi/vec4 5, 0, 4;
    %cmp/u;
    %jmp/1 T_12.4, 6;
    %dup/vec4;
    %pushi/vec4 4, 0, 4;
    %cmp/u;
    %jmp/1 T_12.5, 6;
    %dup/vec4;
    %pushi/vec4 6, 0, 4;
    %cmp/u;
    %jmp/1 T_12.6, 6;
    %dup/vec4;
    %pushi/vec4 8, 0, 4;
    %cmp/u;
    %jmp/1 T_12.7, 6;
    %dup/vec4;
    %pushi/vec4 7, 0, 4;
    %cmp/u;
    %jmp/1 T_12.8, 6;
    %jmp T_12.10;
T_12.0 ;
    %load/vec4 v0x5fa2616c2770_0;
    %store/vec4 v0x5fa2616c1ea0_0, 0, 8;
    %jmp T_12.10;
T_12.1 ;
    %load/vec4 v0x5fa2616c2bd0_0;
    %store/vec4 v0x5fa2616c1ea0_0, 0, 8;
    %jmp T_12.10;
T_12.2 ;
    %pushi/vec4 1, 0, 1;
    %store/vec4 v0x5fa2616c1510_0, 0, 1;
    %load/vec4 v0x5fa2616c2bd0_0;
    %store/vec4 v0x5fa2616c1210_0, 0, 8;
    %jmp T_12.10;
T_12.3 ;
    %load/vec4 v0x5fa2616c2bd0_0;
    %store/vec4 v0x5fa2616c1210_0, 0, 8;
    %load/vec4 v0x5fa2616c2630_0;
    %flag_set/vec4 8;
    %jmp/0xz  T_12.11, 8;
    %pushi/vec4 1, 0, 1;
    %store/vec4 v0x5fa2616c1510_0, 0, 1;
    %pushi/vec4 4, 0, 3;
    %store/vec4 v0x5fa2616c12b0_0, 0, 3;
    %load/vec4 v0x5fa2616c1820_0;
    %store/vec4 v0x5fa2616c1680_0, 0, 64;
    %pushi/vec4 1, 0, 1;
    %store/vec4 v0x5fa2616c1380_0, 0, 1;
    %load/vec4 v0x5fa2616c1750_0;
    %store/vec4 v0x5fa2616c1210_0, 0, 8;
    %jmp T_12.12;
T_12.11 ;
    %load/vec4 v0x5fa2616c1b60_0;
    %flag_set/vec4 10;
    %flag_get/vec4 10;
    %jmp/0 T_12.16, 10;
    %load/vec4 v0x5fa2616c1d00_0;
    %pushi/vec4 1, 0, 2;
    %cmp/e;
    %flag_get/vec4 4;
    %and;
T_12.16;
    %flag_set/vec4 9;
    %flag_get/vec4 9;
    %jmp/0 T_12.15, 9;
    %load/vec4 v0x5fa2616c2d90_0;
    %and;
T_12.15;
    %flag_set/vec4 8;
    %jmp/0xz  T_12.13, 8;
    %pushi/vec4 3, 0, 3;
    %store/vec4 v0x5fa2616c12b0_0, 0, 3;
    %jmp T_12.14;
T_12.13 ;
    %load/vec4 v0x5fa2616c2d90_0;
    %flag_set/vec4 8;
    %jmp/0 T_12.17, 8;
    %pushi/vec4 2, 0, 3;
    %jmp/1 T_12.18, 8;
T_12.17 ; End of true expr.
    %pushi/vec4 1, 0, 3;
    %jmp/0 T_12.18, 8;
 ; End of false expr.
    %blend;
T_12.18;
    %store/vec4 v0x5fa2616c12b0_0, 0, 3;
T_12.14 ;
T_12.12 ;
    %jmp T_12.10;
T_12.4 ;
    %pushi/vec4 0, 0, 1;
    %store/vec4 v0x5fa2616c1510_0, 0, 1;
    %pushi/vec4 4, 0, 3;
    %store/vec4 v0x5fa2616c12b0_0, 0, 3;
    %load/vec4 v0x5fa2616c1820_0;
    %store/vec4 v0x5fa2616c1680_0, 0, 64;
    %pushi/vec4 1, 0, 1;
    %store/vec4 v0x5fa2616c1380_0, 0, 1;
    %load/vec4 v0x5fa2616c1750_0;
    %store/vec4 v0x5fa2616c1210_0, 0, 8;
    %jmp T_12.10;
T_12.5 ;
    %jmp T_12.10;
T_12.6 ;
    %pushi/vec4 1, 0, 1;
    %store/vec4 v0x5fa2616c21e0_0, 0, 1;
    %load/vec4 v0x5fa2616c2bd0_0;
    %store/vec4 v0x5fa2616c2040_0, 0, 8;
    %load/vec4 v0x5fa2616b5b90_0;
    %store/vec4 v0x5fa2616c2380_0, 0, 1;
    %load/vec4 v0x5fa2616c2d90_0;
    %flag_set/vec4 8;
    %jmp/0 T_12.19, 8;
    %pushi/vec4 0, 0, 56;
    %load/vec4 v0x5fa2616c2cb0_0;
    %concat/vec4; draw_concat_vec4
    %jmp/1 T_12.20, 8;
T_12.19 ; End of true expr.
    %load/vec4 v0x5fa2616c24f0_0;
    %jmp/0 T_12.20, 8;
 ; End of false expr.
    %blend;
T_12.20;
    %store/vec4 v0x5fa2616c2110_0, 0, 64;
    %load/vec4 v0x5fa2616c2d90_0;
    %flag_set/vec4 8;
    %jmp/0xz  T_12.21, 8;
    %pushi/vec4 3, 0, 2;
    %store/vec4 v0x5fa2616c22b0_0, 0, 2;
    %jmp T_12.22;
T_12.21 ;
    %load/vec4 v0x5fa2616c1150_0;
    %flag_set/vec4 8;
    %jmp/0xz  T_12.23, 8;
    %pushi/vec4 1, 0, 2;
    %store/vec4 v0x5fa2616c22b0_0, 0, 2;
    %jmp T_12.24;
T_12.23 ;
    %pushi/vec4 2, 0, 2;
    %store/vec4 v0x5fa2616c22b0_0, 0, 2;
T_12.24 ;
T_12.22 ;
    %jmp T_12.10;
T_12.7 ;
    %pushi/vec4 1, 0, 1;
    %store/vec4 v0x5fa2616c26d0_0, 0, 1;
    %load/vec4 v0x5fa2616c1b60_0;
    %flag_set/vec4 8;
    %jmp/0 T_12.25, 8;
    %load/vec4 v0x5fa2616c1c30_0;
    %load/vec4 v0x5fa2616c2bd0_0;
    %parti/s 3, 0, 2;
    %pad/u 32;
    %muli 8, 0, 32;
    %part/u 8;
    %jmp/1 T_12.26, 8;
T_12.25 ; End of true expr.
    %load/vec4 v0x5fa2616c24f0_0;
    %load/vec4 v0x5fa2616c2bd0_0;
    %parti/s 3, 0, 2;
    %pad/u 32;
    %muli 8, 0, 32;
    %part/u 8;
    %jmp/0 T_12.26, 8;
 ; End of false expr.
    %blend;
T_12.26;
    %store/vec4 v0x5fa2616c2810_0, 0, 8;
    %jmp T_12.10;
T_12.8 ;
    %load/vec4 v0x5fa2616c2e50_0;
    %store/vec4 v0x5fa2616c1ea0_0, 0, 8;
    %load/vec4 v0x5fa2616c1b60_0;
    %flag_set/vec4 8;
    %jmp/0xz  T_12.27, 8;
    %load/vec4 v0x5fa2616c2f40_0;
    %dup/vec4;
    %pushi/vec4 1, 0, 3;
    %cmp/u;
    %jmp/1 T_12.29, 6;
    %dup/vec4;
    %pushi/vec4 2, 0, 3;
    %cmp/u;
    %jmp/1 T_12.30, 6;
    %dup/vec4;
    %pushi/vec4 3, 0, 3;
    %cmp/u;
    %jmp/1 T_12.31, 6;
    %jmp T_12.33;
T_12.29 ;
    %load/vec4 v0x5fa2616c1d00_0;
    %dup/vec4;
    %pushi/vec4 2, 0, 2;
    %cmp/u;
    %jmp/1 T_12.34, 6;
    %dup/vec4;
    %pushi/vec4 3, 0, 2;
    %cmp/u;
    %jmp/1 T_12.35, 6;
    %dup/vec4;
    %pushi/vec4 1, 0, 2;
    %cmp/u;
    %jmp/1 T_12.36, 6;
    %jmp T_12.38;
T_12.34 ;
    %pushi/vec4 1, 0, 1;
    %store/vec4 v0x5fa2616c15b0_0, 0, 1;
    %pushi/vec4 1, 0, 1;
    %store/vec4 v0x5fa2616c21e0_0, 0, 1;
    %load/vec4 v0x5fa2616c2e50_0;
    %store/vec4 v0x5fa2616c2040_0, 0, 8;
    %load/vec4 v0x5fa2616c1dd0_0;
    %store/vec4 v0x5fa2616c2380_0, 0, 1;
    %pushi/vec4 1, 0, 2;
    %store/vec4 v0x5fa2616c22b0_0, 0, 2;
    %load/vec4 v0x5fa2616c1c30_0;
    %store/vec4 v0x5fa2616c2110_0, 0, 64;
    %jmp T_12.38;
T_12.35 ;
    %pushi/vec4 1, 0, 1;
    %store/vec4 v0x5fa2616c1510_0, 0, 1;
    %pushi/vec4 4, 0, 3;
    %store/vec4 v0x5fa2616c12b0_0, 0, 3;
    %load/vec4 v0x5fa2616c1c30_0;
    %store/vec4 v0x5fa2616c1680_0, 0, 64;
    %pushi/vec4 1, 0, 1;
    %store/vec4 v0x5fa2616c1380_0, 0, 1;
    %pushi/vec4 1, 0, 1;
    %store/vec4 v0x5fa2616c15b0_0, 0, 1;
    %pushi/vec4 1, 0, 1;
    %store/vec4 v0x5fa2616c21e0_0, 0, 1;
    %load/vec4 v0x5fa2616c2e50_0;
    %store/vec4 v0x5fa2616c2040_0, 0, 8;
    %load/vec4 v0x5fa2616c1dd0_0;
    %store/vec4 v0x5fa2616c2380_0, 0, 1;
    %pushi/vec4 1, 0, 2;
    %store/vec4 v0x5fa2616c22b0_0, 0, 2;
    %load/vec4 v0x5fa2616c1c30_0;
    %store/vec4 v0x5fa2616c2110_0, 0, 64;
    %jmp T_12.38;
T_12.36 ;
    %pushi/vec4 1, 0, 1;
    %store/vec4 v0x5fa2616c15b0_0, 0, 1;
    %jmp T_12.38;
T_12.38 ;
    %pop/vec4 1;
    %jmp T_12.33;
T_12.30 ;
    %load/vec4 v0x5fa2616c1d00_0;
    %dup/vec4;
    %pushi/vec4 3, 0, 2;
    %cmp/u;
    %jmp/1 T_12.39, 6;
    %dup/vec4;
    %pushi/vec4 2, 0, 2;
    %cmp/u;
    %jmp/1 T_12.40, 6;
    %dup/vec4;
    %pushi/vec4 1, 0, 2;
    %cmp/u;
    %jmp/1 T_12.41, 6;
    %jmp T_12.43;
T_12.39 ;
    %pushi/vec4 1, 0, 1;
    %store/vec4 v0x5fa2616c1510_0, 0, 1;
    %pushi/vec4 4, 0, 3;
    %store/vec4 v0x5fa2616c12b0_0, 0, 3;
    %load/vec4 v0x5fa2616c1c30_0;
    %store/vec4 v0x5fa2616c1680_0, 0, 64;
    %pushi/vec4 1, 0, 1;
    %store/vec4 v0x5fa2616c1380_0, 0, 1;
    %pushi/vec4 1, 0, 1;
    %store/vec4 v0x5fa2616c21e0_0, 0, 1;
    %load/vec4 v0x5fa2616c2e50_0;
    %store/vec4 v0x5fa2616c2040_0, 0, 8;
    %load/vec4 v0x5fa2616c1dd0_0;
    %store/vec4 v0x5fa2616c2380_0, 0, 1;
    %pushi/vec4 0, 0, 2;
    %store/vec4 v0x5fa2616c22b0_0, 0, 2;
    %load/vec4 v0x5fa2616c1c30_0;
    %store/vec4 v0x5fa2616c2110_0, 0, 64;
    %jmp T_12.43;
T_12.40 ;
    %pushi/vec4 1, 0, 1;
    %store/vec4 v0x5fa2616c21e0_0, 0, 1;
    %load/vec4 v0x5fa2616c2e50_0;
    %store/vec4 v0x5fa2616c2040_0, 0, 8;
    %load/vec4 v0x5fa2616c1dd0_0;
    %store/vec4 v0x5fa2616c2380_0, 0, 1;
    %pushi/vec4 0, 0, 2;
    %store/vec4 v0x5fa2616c22b0_0, 0, 2;
    %load/vec4 v0x5fa2616c1c30_0;
    %store/vec4 v0x5fa2616c2110_0, 0, 64;
    %jmp T_12.43;
T_12.41 ;
    %pushi/vec4 1, 0, 1;
    %store/vec4 v0x5fa2616c21e0_0, 0, 1;
    %load/vec4 v0x5fa2616c2e50_0;
    %store/vec4 v0x5fa2616c2040_0, 0, 8;
    %load/vec4 v0x5fa2616c1dd0_0;
    %store/vec4 v0x5fa2616c2380_0, 0, 1;
    %pushi/vec4 0, 0, 2;
    %store/vec4 v0x5fa2616c22b0_0, 0, 2;
    %load/vec4 v0x5fa2616c1c30_0;
    %store/vec4 v0x5fa2616c2110_0, 0, 64;
    %jmp T_12.43;
T_12.43 ;
    %pop/vec4 1;
    %jmp T_12.33;
T_12.31 ;
    %load/vec4 v0x5fa2616c1d00_0;
    %cmpi/e 1, 0, 2;
    %jmp/0xz  T_12.44, 4;
    %pushi/vec4 1, 0, 1;
    %store/vec4 v0x5fa2616c21e0_0, 0, 1;
    %load/vec4 v0x5fa2616c2e50_0;
    %store/vec4 v0x5fa2616c2040_0, 0, 8;
    %load/vec4 v0x5fa2616c1dd0_0;
    %store/vec4 v0x5fa2616c2380_0, 0, 1;
    %pushi/vec4 0, 0, 2;
    %store/vec4 v0x5fa2616c22b0_0, 0, 2;
    %load/vec4 v0x5fa2616c1c30_0;
    %store/vec4 v0x5fa2616c2110_0, 0, 64;
T_12.44 ;
    %jmp T_12.33;
T_12.33 ;
    %pop/vec4 1;
T_12.27 ;
    %jmp T_12.10;
T_12.10 ;
    %pop/vec4 1;
    %jmp T_12;
    .thread T_12, $push;
    .scope S_0x5fa2616ba970;
T_13 ;
    %wait E_0x5fa26169eb30;
    %pushi/vec4 0, 0, 1;
    %store/vec4 v0x5fa2616be050_0, 0, 1;
    %pushi/vec4 0, 0, 2;
    %store/vec4 v0x5fa2616be1f0_0, 0, 2;
    %pushi/vec4 0, 0, 1;
    %store/vec4 v0x5fa2616be2d0_0, 0, 1;
    %pushi/vec4 0, 0, 64;
    %store/vec4 v0x5fa2616be110_0, 0, 64;
    %pushi/vec4 0, 0, 32;
    %store/vec4 v0x5fa2616bf410_0, 0, 32;
T_13.0 ;
    %load/vec4 v0x5fa2616bf410_0;
    %cmpi/s 2, 0, 32;
    %jmp/0xz T_13.1, 5;
    %load/vec4 v0x5fa2616be630_0;
    %pad/u 6;
    %pad/u 7;
    %muli 2, 0, 7;
    %pad/u 8;
    %load/vec4 v0x5fa2616bf410_0;
    %pad/s 8;
    %add;
    %ix/vec4 4;
    %load/vec4a v0x5fa2616bf220, 4;
    %flag_set/vec4 10;
    %flag_get/vec4 10;
    %jmp/0 T_13.5, 10;
    %load/vec4 v0x5fa2616be630_0;
    %pad/u 6;
    %pad/u 7;
    %muli 2, 0, 7;
    %pad/u 8;
    %load/vec4 v0x5fa2616bf410_0;
    %pad/s 8;
    %add;
    %ix/vec4 4;
    %load/vec4a v0x5fa2616bf010, 4;
    %load/vec4 v0x5fa2616be710_0;
    %cmp/e;
    %flag_get/vec4 4;
    %and;
T_13.5;
    %flag_set/vec4 9;
    %flag_get/vec4 9;
    %jmp/0 T_13.4, 9;
    %load/vec4 v0x5fa2616be630_0;
    %pad/u 6;
    %pad/u 7;
    %muli 2, 0, 7;
    %pad/u 8;
    %load/vec4 v0x5fa2616bf410_0;
    %pad/s 8;
    %add;
    %ix/vec4 4;
    %load/vec4a v0x5fa2616be950, 4;
    %pushi/vec4 0, 0, 2;
    %cmp/ne;
    %flag_get/vec4 4;
    %and;
T_13.4;
    %flag_set/vec4 8;
    %jmp/0xz  T_13.2, 8;
    %pushi/vec4 1, 0, 1;
    %store/vec4 v0x5fa2616be050_0, 0, 1;
    %load/vec4 v0x5fa2616be630_0;
    %pad/u 6;
    %pad/u 7;
    %muli 2, 0, 7;
    %pad/u 8;
    %load/vec4 v0x5fa2616bf410_0;
    %pad/s 8;
    %add;
    %ix/vec4 4;
    %load/vec4a v0x5fa2616be950, 4;
    %store/vec4 v0x5fa2616be1f0_0, 0, 2;
    %load/vec4 v0x5fa2616bf410_0;
    %parti/s 1, 0, 2;
    %store/vec4 v0x5fa2616be2d0_0, 0, 1;
    %load/vec4 v0x5fa2616be630_0;
    %pad/u 6;
    %pad/u 7;
    %muli 2, 0, 7;
    %pad/u 8;
    %load/vec4 v0x5fa2616bf410_0;
    %pad/s 8;
    %add;
    %ix/vec4 4;
    %load/vec4a v0x5fa2616bda50, 4;
    %store/vec4 v0x5fa2616be110_0, 0, 64;
T_13.2 ;
    %load/vec4 v0x5fa2616bf410_0;
    %addi 1, 0, 32;
    %store/vec4 v0x5fa2616bf410_0, 0, 32;
    %jmp T_13.0;
T_13.1 ;
    %jmp T_13;
    .thread T_13, $push;
    .scope S_0x5fa2616ba970;
T_14 ;
    %wait E_0x5fa261574c20;
    %load/vec4 v0x5fa2616bef70_0;
    %flag_set/vec4 8;
    %jmp/0xz  T_14.0, 8;
    %pushi/vec4 0, 0, 32;
    %store/vec4 v0x5fa2616be390_0, 0, 32;
T_14.2 ;
    %load/vec4 v0x5fa2616be390_0;
    %cmpi/s 4, 0, 32;
    %jmp/0xz T_14.3, 5;
    %pushi/vec4 0, 0, 32;
    %store/vec4 v0x5fa2616be470_0, 0, 32;
T_14.4 ;
    %load/vec4 v0x5fa2616be470_0;
    %cmpi/s 2, 0, 32;
    %jmp/0xz T_14.5, 5;
    %pushi/vec4 0, 0, 1;
    %load/vec4 v0x5fa2616be390_0;
    %pad/s 34;
    %pad/s 35;
    %muli 2, 0, 35;
    %pad/s 36;
    %load/vec4 v0x5fa2616be470_0;
    %pad/s 36;
    %add;
    %ix/vec4/s 3;
    %ix/load 4, 0, 0; Constant delay
    %assign/vec4/a/d v0x5fa2616bf220, 0, 4;
    %pushi/vec4 0, 0, 2;
    %load/vec4 v0x5fa2616be390_0;
    %pad/s 34;
    %pad/s 35;
    %muli 2, 0, 35;
    %pad/s 36;
    %load/vec4 v0x5fa2616be470_0;
    %pad/s 36;
    %add;
    %ix/vec4/s 3;
    %ix/load 4, 0, 0; Constant delay
    %assign/vec4/a/d v0x5fa2616be950, 0, 4;
    %pushi/vec4 0, 0, 3;
    %load/vec4 v0x5fa2616be390_0;
    %pad/s 34;
    %pad/s 35;
    %muli 2, 0, 35;
    %pad/s 36;
    %load/vec4 v0x5fa2616be470_0;
    %pad/s 36;
    %add;
    %ix/vec4/s 3;
    %ix/load 4, 0, 0; Constant delay
    %assign/vec4/a/d v0x5fa2616bf010, 0, 4;
    %pushi/vec4 0, 0, 64;
    %load/vec4 v0x5fa2616be390_0;
    %pad/s 34;
    %pad/s 35;
    %muli 2, 0, 35;
    %pad/s 36;
    %load/vec4 v0x5fa2616be470_0;
    %pad/s 36;
    %add;
    %ix/vec4/s 3;
    %ix/load 4, 0, 0; Constant delay
    %assign/vec4/a/d v0x5fa2616bda50, 0, 4;
    %load/vec4 v0x5fa2616be470_0;
    %addi 1, 0, 32;
    %store/vec4 v0x5fa2616be470_0, 0, 32;
    %jmp T_14.4;
T_14.5 ;
    %pushi/vec4 0, 0, 1;
    %ix/getv/s 3, v0x5fa2616be390_0;
    %ix/load 4, 0, 0; Constant delay
    %assign/vec4/a/d v0x5fa2616be7f0, 0, 4;
    %load/vec4 v0x5fa2616be390_0;
    %addi 1, 0, 32;
    %store/vec4 v0x5fa2616be390_0, 0, 32;
    %jmp T_14.2;
T_14.3 ;
    %jmp T_14.1;
T_14.0 ;
    %load/vec4 v0x5fa2616bf6b0_0;
    %flag_set/vec4 8;
    %jmp/0xz  T_14.6, 8;
    %pushi/vec4 1, 0, 1;
    %load/vec4 v0x5fa2616bf770_0;
    %pad/u 6;
    %pad/u 7;
    %muli 2, 0, 7;
    %pad/u 8;
    %load/vec4 v0x5fa2616bfa10_0;
    %pad/u 3;
    %pad/u 8;
    %add;
    %ix/vec4 3;
    %ix/load 4, 0, 0; Constant delay
    %assign/vec4/a/d v0x5fa2616bf220, 0, 4;
    %load/vec4 v0x5fa2616bf850_0;
    %load/vec4 v0x5fa2616bf770_0;
    %pad/u 6;
    %pad/u 7;
    %muli 2, 0, 7;
    %pad/u 8;
    %load/vec4 v0x5fa2616bfa10_0;
    %pad/u 3;
    %pad/u 8;
    %add;
    %ix/vec4 3;
    %ix/load 4, 0, 0; Constant delay
    %assign/vec4/a/d v0x5fa2616be950, 0, 4;
    %load/vec4 v0x5fa2616bf930_0;
    %load/vec4 v0x5fa2616bf770_0;
    %pad/u 6;
    %pad/u 7;
    %muli 2, 0, 7;
    %pad/u 8;
    %load/vec4 v0x5fa2616bfa10_0;
    %pad/u 3;
    %pad/u 8;
    %add;
    %ix/vec4 3;
    %ix/load 4, 0, 0; Constant delay
    %assign/vec4/a/d v0x5fa2616bf010, 0, 4;
    %load/vec4 v0x5fa2616bf5d0_0;
    %load/vec4 v0x5fa2616bf770_0;
    %pad/u 6;
    %pad/u 7;
    %muli 2, 0, 7;
    %pad/u 8;
    %load/vec4 v0x5fa2616bfa10_0;
    %pad/u 3;
    %pad/u 8;
    %add;
    %ix/vec4 3;
    %ix/load 4, 0, 0; Constant delay
    %assign/vec4/a/d v0x5fa2616bda50, 0, 4;
    %load/vec4 v0x5fa2616bfa10_0;
    %load/vec4 v0x5fa2616bf770_0;
    %pad/u 4;
    %ix/vec4 3;
    %ix/load 4, 0, 0; Constant delay
    %assign/vec4/a/d v0x5fa2616be7f0, 0, 4;
T_14.6 ;
T_14.1 ;
    %jmp T_14;
    .thread T_14;
    .scope S_0x5fa2616c36c0;
T_15 ;
    %wait E_0x5fa261574c20;
    %load/vec4 v0x5fa2616c6750_0;
    %flag_set/vec4 8;
    %jmp/0xz  T_15.0, 8;
    %pushi/vec4 0, 0, 4;
    %assign/vec4 v0x5fa2616c5f80_0, 0;
    %pushi/vec4 0, 0, 1;
    %assign/vec4 v0x5fa2616c69b0_0, 0;
    %pushi/vec4 0, 0, 8;
    %assign/vec4 v0x5fa2616c67f0_0, 0;
    %pushi/vec4 0, 0, 8;
    %assign/vec4 v0x5fa2616c68d0_0, 0;
    %pushi/vec4 0, 0, 1;
    %assign/vec4 v0x5fa2616c4a80_0, 0;
    %pushi/vec4 0, 0, 64;
    %assign/vec4 v0x5fa2616c5ee0_0, 0;
    %pushi/vec4 0, 0, 1;
    %assign/vec4 v0x5fa2616c6020_0, 0;
    %jmp T_15.1;
T_15.0 ;
    %load/vec4 v0x5fa2616c5f80_0;
    %dup/vec4;
    %pushi/vec4 0, 0, 4;
    %cmp/u;
    %jmp/1 T_15.2, 6;
    %dup/vec4;
    %pushi/vec4 1, 0, 4;
    %cmp/u;
    %jmp/1 T_15.3, 6;
    %dup/vec4;
    %pushi/vec4 2, 0, 4;
    %cmp/u;
    %jmp/1 T_15.4, 6;
    %dup/vec4;
    %pushi/vec4 3, 0, 4;
    %cmp/u;
    %jmp/1 T_15.5, 6;
    %dup/vec4;
    %pushi/vec4 5, 0, 4;
    %cmp/u;
    %jmp/1 T_15.6, 6;
    %dup/vec4;
    %pushi/vec4 4, 0, 4;
    %cmp/u;
    %jmp/1 T_15.7, 6;
    %dup/vec4;
    %pushi/vec4 6, 0, 4;
    %cmp/u;
    %jmp/1 T_15.8, 6;
    %dup/vec4;
    %pushi/vec4 8, 0, 4;
    %cmp/u;
    %jmp/1 T_15.9, 6;
    %dup/vec4;
    %pushi/vec4 7, 0, 4;
    %cmp/u;
    %jmp/1 T_15.10, 6;
    %pushi/vec4 0, 0, 4;
    %assign/vec4 v0x5fa2616c5f80_0, 0;
    %jmp T_15.12;
T_15.2 ;
    %load/vec4 v0x5fa2616c62e0_0;
    %flag_set/vec4 9;
    %flag_get/vec4 9;
    %jmp/0 T_15.15, 9;
    %load/vec4 v0x5fa2616c6e40_0;
    %nor/r;
    %and;
T_15.15;
    %flag_set/vec4 8;
    %jmp/0xz  T_15.13, 8;
    %load/vec4 v0x5fa2616c6690_0;
    %assign/vec4 v0x5fa2616c69b0_0, 0;
    %load/vec4 v0x5fa2616c6160_0;
    %assign/vec4 v0x5fa2616c67f0_0, 0;
    %load/vec4 v0x5fa2616c65b0_0;
    %assign/vec4 v0x5fa2616c68d0_0, 0;
    %pushi/vec4 1, 0, 4;
    %assign/vec4 v0x5fa2616c5f80_0, 0;
    %jmp T_15.14;
T_15.13 ;
    %load/vec4 v0x5fa2616c6e40_0;
    %flag_set/vec4 8;
    %jmp/0xz  T_15.16, 8;
    %pushi/vec4 7, 0, 4;
    %assign/vec4 v0x5fa2616c5f80_0, 0;
T_15.16 ;
T_15.14 ;
    %jmp T_15.12;
T_15.3 ;
    %load/vec4 v0x5fa2616c5550_0;
    %flag_set/vec4 8;
    %jmp/0xz  T_15.18, 8;
    %load/vec4 v0x5fa2616c56f0_0;
    %dup/vec4;
    %pushi/vec4 3, 0, 2;
    %cmp/u;
    %jmp/1 T_15.20, 6;
    %dup/vec4;
    %pushi/vec4 2, 0, 2;
    %cmp/u;
    %jmp/1 T_15.21, 6;
    %dup/vec4;
    %pushi/vec4 1, 0, 2;
    %cmp/u;
    %jmp/1 T_15.22, 6;
    %pushi/vec4 2, 0, 4;
    %assign/vec4 v0x5fa2616c5f80_0, 0;
    %jmp T_15.24;
T_15.20 ;
    %load/vec4 v0x5fa2616c69b0_0;
    %nor/r;
    %flag_set/vec4 8;
    %jmp/0xz  T_15.25, 8;
    %pushi/vec4 8, 0, 4;
    %assign/vec4 v0x5fa2616c5f80_0, 0;
    %jmp T_15.26;
T_15.25 ;
    %pushi/vec4 6, 0, 4;
    %assign/vec4 v0x5fa2616c5f80_0, 0;
T_15.26 ;
    %jmp T_15.24;
T_15.21 ;
    %load/vec4 v0x5fa2616c69b0_0;
    %nor/r;
    %flag_set/vec4 8;
    %jmp/0xz  T_15.27, 8;
    %pushi/vec4 8, 0, 4;
    %assign/vec4 v0x5fa2616c5f80_0, 0;
    %jmp T_15.28;
T_15.27 ;
    %pushi/vec4 6, 0, 4;
    %assign/vec4 v0x5fa2616c5f80_0, 0;
T_15.28 ;
    %jmp T_15.24;
T_15.22 ;
    %load/vec4 v0x5fa2616c69b0_0;
    %nor/r;
    %flag_set/vec4 8;
    %jmp/0xz  T_15.29, 8;
    %pushi/vec4 8, 0, 4;
    %assign/vec4 v0x5fa2616c5f80_0, 0;
    %jmp T_15.30;
T_15.29 ;
    %load/vec4 v0x5fa2616c57c0_0;
    %assign/vec4 v0x5fa2616c4a80_0, 0;
    %pushi/vec4 0, 0, 1;
    %assign/vec4 v0x5fa2616c6020_0, 0;
    %pushi/vec4 2, 0, 4;
    %assign/vec4 v0x5fa2616c5f80_0, 0;
T_15.30 ;
    %jmp T_15.24;
T_15.24 ;
    %pop/vec4 1;
    %jmp T_15.19;
T_15.18 ;
    %load/vec4 v0x5fa2616c5960_0;
    %assign/vec4 v0x5fa2616c4a80_0, 0;
    %load/vec4 v0x5fa2616c52e0_0;
    %pushi/vec4 3, 0, 2;
    %cmp/e;
    %flag_get/vec4 4;
    %assign/vec4 v0x5fa2616c6020_0, 0;
    %pushi/vec4 2, 0, 4;
    %assign/vec4 v0x5fa2616c5f80_0, 0;
T_15.19 ;
    %jmp T_15.12;
T_15.4 ;
    %load/vec4 v0x5fa2616c4e60_0;
    %flag_set/vec4 8;
    %jmp/0xz  T_15.31, 8;
    %pushi/vec4 3, 0, 4;
    %assign/vec4 v0x5fa2616c5f80_0, 0;
T_15.31 ;
    %jmp T_15.12;
T_15.5 ;
    %load/vec4 v0x5fa2616c6020_0;
    %flag_set/vec4 8;
    %jmp/0xz  T_15.33, 8;
    %pushi/vec4 0, 0, 1;
    %assign/vec4 v0x5fa2616c6020_0, 0;
    %pushi/vec4 5, 0, 4;
    %assign/vec4 v0x5fa2616c5f80_0, 0;
    %jmp T_15.34;
T_15.33 ;
    %load/vec4 v0x5fa2616c5550_0;
    %flag_set/vec4 10;
    %flag_get/vec4 10;
    %jmp/0 T_15.38, 10;
    %load/vec4 v0x5fa2616c56f0_0;
    %pushi/vec4 1, 0, 2;
    %cmp/e;
    %flag_get/vec4 4;
    %and;
T_15.38;
    %flag_set/vec4 9;
    %flag_get/vec4 9;
    %jmp/0 T_15.37, 9;
    %load/vec4 v0x5fa2616c69b0_0;
    %and;
T_15.37;
    %flag_set/vec4 8;
    %jmp/0xz  T_15.35, 8;
    %pushi/vec4 6, 0, 4;
    %assign/vec4 v0x5fa2616c5f80_0, 0;
    %jmp T_15.36;
T_15.35 ;
    %pushi/vec4 4, 0, 4;
    %assign/vec4 v0x5fa2616c5f80_0, 0;
T_15.36 ;
T_15.34 ;
    %jmp T_15.12;
T_15.6 ;
    %pushi/vec4 2, 0, 4;
    %assign/vec4 v0x5fa2616c5f80_0, 0;
    %jmp T_15.12;
T_15.7 ;
    %load/vec4 v0x5fa2616c6d50_0;
    %flag_set/vec4 8;
    %jmp/0xz  T_15.39, 8;
    %load/vec4 v0x5fa2616c6c40_0;
    %assign/vec4 v0x5fa2616c5ee0_0, 0;
    %pushi/vec4 6, 0, 4;
    %assign/vec4 v0x5fa2616c5f80_0, 0;
T_15.39 ;
    %jmp T_15.12;
T_15.8 ;
    %pushi/vec4 8, 0, 4;
    %assign/vec4 v0x5fa2616c5f80_0, 0;
    %jmp T_15.12;
T_15.9 ;
    %pushi/vec4 0, 0, 4;
    %assign/vec4 v0x5fa2616c5f80_0, 0;
    %jmp T_15.12;
T_15.10 ;
    %pushi/vec4 0, 0, 4;
    %assign/vec4 v0x5fa2616c5f80_0, 0;
    %jmp T_15.12;
T_15.12 ;
    %pop/vec4 1;
T_15.1 ;
    %jmp T_15;
    .thread T_15;
    .scope S_0x5fa2616c36c0;
T_16 ;
    %wait E_0x5fa2616c49b0;
    %pushi/vec4 0, 0, 1;
    %store/vec4 v0x5fa2616c60c0_0, 0, 1;
    %pushi/vec4 0, 0, 8;
    %store/vec4 v0x5fa2616c6200_0, 0, 8;
    %pushi/vec4 0, 0, 1;
    %store/vec4 v0x5fa2616c4f00_0, 0, 1;
    %pushi/vec4 0, 0, 8;
    %store/vec4 v0x5fa2616c4c20_0, 0, 8;
    %pushi/vec4 0, 0, 3;
    %store/vec4 v0x5fa2616c4cf0_0, 0, 3;
    %pushi/vec4 0, 0, 64;
    %store/vec4 v0x5fa2616c5070_0, 0, 64;
    %pushi/vec4 0, 0, 1;
    %store/vec4 v0x5fa2616c4dc0_0, 0, 1;
    %pushi/vec4 0, 0, 1;
    %store/vec4 v0x5fa2616c4fa0_0, 0, 1;
    %load/vec4 v0x5fa2616c67f0_0;
    %store/vec4 v0x5fa2616c5890_0, 0, 8;
    %pushi/vec4 0, 0, 1;
    %store/vec4 v0x5fa2616c5bd0_0, 0, 1;
    %pushi/vec4 0, 0, 8;
    %store/vec4 v0x5fa2616c5a30_0, 0, 8;
    %pushi/vec4 0, 0, 1;
    %store/vec4 v0x5fa2616c5d70_0, 0, 1;
    %pushi/vec4 0, 0, 2;
    %store/vec4 v0x5fa2616c5ca0_0, 0, 2;
    %pushi/vec4 0, 0, 64;
    %store/vec4 v0x5fa2616c5b00_0, 0, 64;
    %load/vec4 v0x5fa2616c67f0_0;
    %parti/s 2, 3, 3;
    %store/vec4 v0x5fa2616c53b0_0, 0, 2;
    %load/vec4 v0x5fa2616c4a80_0;
    %store/vec4 v0x5fa2616c5480_0, 0, 1;
    %load/vec4 v0x5fa2616c5f80_0;
    %dup/vec4;
    %pushi/vec4 0, 0, 4;
    %cmp/u;
    %jmp/1 T_16.0, 6;
    %dup/vec4;
    %pushi/vec4 1, 0, 4;
    %cmp/u;
    %jmp/1 T_16.1, 6;
    %dup/vec4;
    %pushi/vec4 2, 0, 4;
    %cmp/u;
    %jmp/1 T_16.2, 6;
    %dup/vec4;
    %pushi/vec4 3, 0, 4;
    %cmp/u;
    %jmp/1 T_16.3, 6;
    %dup/vec4;
    %pushi/vec4 5, 0, 4;
    %cmp/u;
    %jmp/1 T_16.4, 6;
    %dup/vec4;
    %pushi/vec4 4, 0, 4;
    %cmp/u;
    %jmp/1 T_16.5, 6;
    %dup/vec4;
    %pushi/vec4 6, 0, 4;
    %cmp/u;
    %jmp/1 T_16.6, 6;
    %dup/vec4;
    %pushi/vec4 8, 0, 4;
    %cmp/u;
    %jmp/1 T_16.7, 6;
    %dup/vec4;
    %pushi/vec4 7, 0, 4;
    %cmp/u;
    %jmp/1 T_16.8, 6;
    %jmp T_16.10;
T_16.0 ;
    %load/vec4 v0x5fa2616c6160_0;
    %store/vec4 v0x5fa2616c5890_0, 0, 8;
    %jmp T_16.10;
T_16.1 ;
    %load/vec4 v0x5fa2616c67f0_0;
    %store/vec4 v0x5fa2616c5890_0, 0, 8;
    %jmp T_16.10;
T_16.2 ;
    %pushi/vec4 1, 0, 1;
    %store/vec4 v0x5fa2616c4f00_0, 0, 1;
    %load/vec4 v0x5fa2616c67f0_0;
    %store/vec4 v0x5fa2616c4c20_0, 0, 8;
    %jmp T_16.10;
T_16.3 ;
    %load/vec4 v0x5fa2616c67f0_0;
    %store/vec4 v0x5fa2616c4c20_0, 0, 8;
    %load/vec4 v0x5fa2616c6020_0;
    %flag_set/vec4 8;
    %jmp/0xz  T_16.11, 8;
    %pushi/vec4 1, 0, 1;
    %store/vec4 v0x5fa2616c4f00_0, 0, 1;
    %pushi/vec4 4, 0, 3;
    %store/vec4 v0x5fa2616c4cf0_0, 0, 3;
    %load/vec4 v0x5fa2616c5210_0;
    %store/vec4 v0x5fa2616c5070_0, 0, 64;
    %pushi/vec4 1, 0, 1;
    %store/vec4 v0x5fa2616c4dc0_0, 0, 1;
    %load/vec4 v0x5fa2616c5140_0;
    %store/vec4 v0x5fa2616c4c20_0, 0, 8;
    %jmp T_16.12;
T_16.11 ;
    %load/vec4 v0x5fa2616c5550_0;
    %flag_set/vec4 10;
    %flag_get/vec4 10;
    %jmp/0 T_16.16, 10;
    %load/vec4 v0x5fa2616c56f0_0;
    %pushi/vec4 1, 0, 2;
    %cmp/e;
    %flag_get/vec4 4;
    %and;
T_16.16;
    %flag_set/vec4 9;
    %flag_get/vec4 9;
    %jmp/0 T_16.15, 9;
    %load/vec4 v0x5fa2616c69b0_0;
    %and;
T_16.15;
    %flag_set/vec4 8;
    %jmp/0xz  T_16.13, 8;
    %pushi/vec4 3, 0, 3;
    %store/vec4 v0x5fa2616c4cf0_0, 0, 3;
    %jmp T_16.14;
T_16.13 ;
    %load/vec4 v0x5fa2616c69b0_0;
    %flag_set/vec4 8;
    %jmp/0 T_16.17, 8;
    %pushi/vec4 2, 0, 3;
    %jmp/1 T_16.18, 8;
T_16.17 ; End of true expr.
    %pushi/vec4 1, 0, 3;
    %jmp/0 T_16.18, 8;
 ; End of false expr.
    %blend;
T_16.18;
    %store/vec4 v0x5fa2616c4cf0_0, 0, 3;
T_16.14 ;
T_16.12 ;
    %jmp T_16.10;
T_16.4 ;
    %pushi/vec4 0, 0, 1;
    %store/vec4 v0x5fa2616c4f00_0, 0, 1;
    %pushi/vec4 4, 0, 3;
    %store/vec4 v0x5fa2616c4cf0_0, 0, 3;
    %load/vec4 v0x5fa2616c5210_0;
    %store/vec4 v0x5fa2616c5070_0, 0, 64;
    %pushi/vec4 1, 0, 1;
    %store/vec4 v0x5fa2616c4dc0_0, 0, 1;
    %load/vec4 v0x5fa2616c5140_0;
    %store/vec4 v0x5fa2616c4c20_0, 0, 8;
    %jmp T_16.10;
T_16.5 ;
    %jmp T_16.10;
T_16.6 ;
    %pushi/vec4 1, 0, 1;
    %store/vec4 v0x5fa2616c5bd0_0, 0, 1;
    %load/vec4 v0x5fa2616c67f0_0;
    %store/vec4 v0x5fa2616c5a30_0, 0, 8;
    %load/vec4 v0x5fa2616c4a80_0;
    %store/vec4 v0x5fa2616c5d70_0, 0, 1;
    %load/vec4 v0x5fa2616c69b0_0;
    %flag_set/vec4 8;
    %jmp/0 T_16.19, 8;
    %pushi/vec4 0, 0, 56;
    %load/vec4 v0x5fa2616c68d0_0;
    %concat/vec4; draw_concat_vec4
    %jmp/1 T_16.20, 8;
T_16.19 ; End of true expr.
    %load/vec4 v0x5fa2616c5ee0_0;
    %jmp/0 T_16.20, 8;
 ; End of false expr.
    %blend;
T_16.20;
    %store/vec4 v0x5fa2616c5b00_0, 0, 64;
    %load/vec4 v0x5fa2616c69b0_0;
    %flag_set/vec4 8;
    %jmp/0xz  T_16.21, 8;
    %pushi/vec4 3, 0, 2;
    %store/vec4 v0x5fa2616c5ca0_0, 0, 2;
    %jmp T_16.22;
T_16.21 ;
    %load/vec4 v0x5fa2616c4b60_0;
    %flag_set/vec4 8;
    %jmp/0xz  T_16.23, 8;
    %pushi/vec4 1, 0, 2;
    %store/vec4 v0x5fa2616c5ca0_0, 0, 2;
    %jmp T_16.24;
T_16.23 ;
    %pushi/vec4 2, 0, 2;
    %store/vec4 v0x5fa2616c5ca0_0, 0, 2;
T_16.24 ;
T_16.22 ;
    %jmp T_16.10;
T_16.7 ;
    %pushi/vec4 1, 0, 1;
    %store/vec4 v0x5fa2616c60c0_0, 0, 1;
    %load/vec4 v0x5fa2616c5550_0;
    %flag_set/vec4 8;
    %jmp/0 T_16.25, 8;
    %load/vec4 v0x5fa2616c5620_0;
    %load/vec4 v0x5fa2616c67f0_0;
    %parti/s 3, 0, 2;
    %pad/u 32;
    %muli 8, 0, 32;
    %part/u 8;
    %jmp/1 T_16.26, 8;
T_16.25 ; End of true expr.
    %load/vec4 v0x5fa2616c5ee0_0;
    %load/vec4 v0x5fa2616c67f0_0;
    %parti/s 3, 0, 2;
    %pad/u 32;
    %muli 8, 0, 32;
    %part/u 8;
    %jmp/0 T_16.26, 8;
 ; End of false expr.
    %blend;
T_16.26;
    %store/vec4 v0x5fa2616c6200_0, 0, 8;
    %jmp T_16.10;
T_16.8 ;
    %load/vec4 v0x5fa2616c6a70_0;
    %store/vec4 v0x5fa2616c5890_0, 0, 8;
    %load/vec4 v0x5fa2616c5550_0;
    %flag_set/vec4 8;
    %jmp/0xz  T_16.27, 8;
    %load/vec4 v0x5fa2616c6b30_0;
    %dup/vec4;
    %pushi/vec4 1, 0, 3;
    %cmp/u;
    %jmp/1 T_16.29, 6;
    %dup/vec4;
    %pushi/vec4 2, 0, 3;
    %cmp/u;
    %jmp/1 T_16.30, 6;
    %dup/vec4;
    %pushi/vec4 3, 0, 3;
    %cmp/u;
    %jmp/1 T_16.31, 6;
    %jmp T_16.33;
T_16.29 ;
    %load/vec4 v0x5fa2616c56f0_0;
    %dup/vec4;
    %pushi/vec4 2, 0, 2;
    %cmp/u;
    %jmp/1 T_16.34, 6;
    %dup/vec4;
    %pushi/vec4 3, 0, 2;
    %cmp/u;
    %jmp/1 T_16.35, 6;
    %dup/vec4;
    %pushi/vec4 1, 0, 2;
    %cmp/u;
    %jmp/1 T_16.36, 6;
    %jmp T_16.38;
T_16.34 ;
    %pushi/vec4 1, 0, 1;
    %store/vec4 v0x5fa2616c4fa0_0, 0, 1;
    %pushi/vec4 1, 0, 1;
    %store/vec4 v0x5fa2616c5bd0_0, 0, 1;
    %load/vec4 v0x5fa2616c6a70_0;
    %store/vec4 v0x5fa2616c5a30_0, 0, 8;
    %load/vec4 v0x5fa2616c57c0_0;
    %store/vec4 v0x5fa2616c5d70_0, 0, 1;
    %pushi/vec4 1, 0, 2;
    %store/vec4 v0x5fa2616c5ca0_0, 0, 2;
    %load/vec4 v0x5fa2616c5620_0;
    %store/vec4 v0x5fa2616c5b00_0, 0, 64;
    %jmp T_16.38;
T_16.35 ;
    %pushi/vec4 1, 0, 1;
    %store/vec4 v0x5fa2616c4f00_0, 0, 1;
    %pushi/vec4 4, 0, 3;
    %store/vec4 v0x5fa2616c4cf0_0, 0, 3;
    %load/vec4 v0x5fa2616c5620_0;
    %store/vec4 v0x5fa2616c5070_0, 0, 64;
    %pushi/vec4 1, 0, 1;
    %store/vec4 v0x5fa2616c4dc0_0, 0, 1;
    %pushi/vec4 1, 0, 1;
    %store/vec4 v0x5fa2616c4fa0_0, 0, 1;
    %pushi/vec4 1, 0, 1;
    %store/vec4 v0x5fa2616c5bd0_0, 0, 1;
    %load/vec4 v0x5fa2616c6a70_0;
    %store/vec4 v0x5fa2616c5a30_0, 0, 8;
    %load/vec4 v0x5fa2616c57c0_0;
    %store/vec4 v0x5fa2616c5d70_0, 0, 1;
    %pushi/vec4 1, 0, 2;
    %store/vec4 v0x5fa2616c5ca0_0, 0, 2;
    %load/vec4 v0x5fa2616c5620_0;
    %store/vec4 v0x5fa2616c5b00_0, 0, 64;
    %jmp T_16.38;
T_16.36 ;
    %pushi/vec4 1, 0, 1;
    %store/vec4 v0x5fa2616c4fa0_0, 0, 1;
    %jmp T_16.38;
T_16.38 ;
    %pop/vec4 1;
    %jmp T_16.33;
T_16.30 ;
    %load/vec4 v0x5fa2616c56f0_0;
    %dup/vec4;
    %pushi/vec4 3, 0, 2;
    %cmp/u;
    %jmp/1 T_16.39, 6;
    %dup/vec4;
    %pushi/vec4 2, 0, 2;
    %cmp/u;
    %jmp/1 T_16.40, 6;
    %dup/vec4;
    %pushi/vec4 1, 0, 2;
    %cmp/u;
    %jmp/1 T_16.41, 6;
    %jmp T_16.43;
T_16.39 ;
    %pushi/vec4 1, 0, 1;
    %store/vec4 v0x5fa2616c4f00_0, 0, 1;
    %pushi/vec4 4, 0, 3;
    %store/vec4 v0x5fa2616c4cf0_0, 0, 3;
    %load/vec4 v0x5fa2616c5620_0;
    %store/vec4 v0x5fa2616c5070_0, 0, 64;
    %pushi/vec4 1, 0, 1;
    %store/vec4 v0x5fa2616c4dc0_0, 0, 1;
    %pushi/vec4 1, 0, 1;
    %store/vec4 v0x5fa2616c5bd0_0, 0, 1;
    %load/vec4 v0x5fa2616c6a70_0;
    %store/vec4 v0x5fa2616c5a30_0, 0, 8;
    %load/vec4 v0x5fa2616c57c0_0;
    %store/vec4 v0x5fa2616c5d70_0, 0, 1;
    %pushi/vec4 0, 0, 2;
    %store/vec4 v0x5fa2616c5ca0_0, 0, 2;
    %load/vec4 v0x5fa2616c5620_0;
    %store/vec4 v0x5fa2616c5b00_0, 0, 64;
    %jmp T_16.43;
T_16.40 ;
    %pushi/vec4 1, 0, 1;
    %store/vec4 v0x5fa2616c5bd0_0, 0, 1;
    %load/vec4 v0x5fa2616c6a70_0;
    %store/vec4 v0x5fa2616c5a30_0, 0, 8;
    %load/vec4 v0x5fa2616c57c0_0;
    %store/vec4 v0x5fa2616c5d70_0, 0, 1;
    %pushi/vec4 0, 0, 2;
    %store/vec4 v0x5fa2616c5ca0_0, 0, 2;
    %load/vec4 v0x5fa2616c5620_0;
    %store/vec4 v0x5fa2616c5b00_0, 0, 64;
    %jmp T_16.43;
T_16.41 ;
    %pushi/vec4 1, 0, 1;
    %store/vec4 v0x5fa2616c5bd0_0, 0, 1;
    %load/vec4 v0x5fa2616c6a70_0;
    %store/vec4 v0x5fa2616c5a30_0, 0, 8;
    %load/vec4 v0x5fa2616c57c0_0;
    %store/vec4 v0x5fa2616c5d70_0, 0, 1;
    %pushi/vec4 0, 0, 2;
    %store/vec4 v0x5fa2616c5ca0_0, 0, 2;
    %load/vec4 v0x5fa2616c5620_0;
    %store/vec4 v0x5fa2616c5b00_0, 0, 64;
    %jmp T_16.43;
T_16.43 ;
    %pop/vec4 1;
    %jmp T_16.33;
T_16.31 ;
    %load/vec4 v0x5fa2616c56f0_0;
    %cmpi/e 1, 0, 2;
    %jmp/0xz  T_16.44, 4;
    %pushi/vec4 1, 0, 1;
    %store/vec4 v0x5fa2616c5bd0_0, 0, 1;
    %load/vec4 v0x5fa2616c6a70_0;
    %store/vec4 v0x5fa2616c5a30_0, 0, 8;
    %load/vec4 v0x5fa2616c57c0_0;
    %store/vec4 v0x5fa2616c5d70_0, 0, 1;
    %pushi/vec4 0, 0, 2;
    %store/vec4 v0x5fa2616c5ca0_0, 0, 2;
    %load/vec4 v0x5fa2616c5620_0;
    %store/vec4 v0x5fa2616c5b00_0, 0, 64;
T_16.44 ;
    %jmp T_16.33;
T_16.33 ;
    %pop/vec4 1;
T_16.27 ;
    %jmp T_16.10;
T_16.10 ;
    %pop/vec4 1;
    %jmp T_16;
    .thread T_16, $push;
    .scope S_0x5fa2616b2dc0;
T_17 ;
    %wait E_0x5fa261574c20;
    %load/vec4 v0x5fa2616b4df0_0;
    %flag_set/vec4 8;
    %jmp/0xz  T_17.0, 8;
    %pushi/vec4 0, 0, 2;
    %assign/vec4 v0x5fa2616b3d70_0, 0;
    %pushi/vec4 0, 0, 8;
    %assign/vec4 v0x5fa2616b4ec0_0, 0;
    %pushi/vec4 0, 0, 3;
    %assign/vec4 v0x5fa2616b4f80_0, 0;
    %pushi/vec4 0, 0, 1;
    %assign/vec4 v0x5fa2616b52c0_0, 0;
    %pushi/vec4 0, 0, 64;
    %assign/vec4 v0x5fa2616b5120_0, 0;
    %pushi/vec4 0, 0, 1;
    %assign/vec4 v0x5fa2616b5200_0, 0;
    %pushi/vec4 0, 0, 8;
    %assign/vec4 v0x5fa2616b48f0_0, 0;
    %pushi/vec4 0, 0, 3;
    %assign/vec4 v0x5fa2616b49d0_0, 0;
    %pushi/vec4 0, 0, 64;
    %assign/vec4 v0x5fa2616b4d10_0, 0;
    %pushi/vec4 0, 0, 1;
    %assign/vec4 v0x5fa2616b4c50_0, 0;
    %pushi/vec4 0, 0, 8;
    %assign/vec4 v0x5fa2616b3860_0, 0;
    %pushi/vec4 0, 0, 3;
    %assign/vec4 v0x5fa2616b3940_0, 0;
    %pushi/vec4 0, 0, 64;
    %assign/vec4 v0x5fa2616b3ac0_0, 0;
    %pushi/vec4 0, 0, 1;
    %assign/vec4 v0x5fa2616b3a20_0, 0;
    %pushi/vec4 0, 0, 1;
    %assign/vec4 v0x5fa2616b5060_0, 0;
    %jmp T_17.1;
T_17.0 ;
    %pushi/vec4 0, 0, 1;
    %assign/vec4 v0x5fa2616b5200_0, 0;
    %pushi/vec4 0, 0, 1;
    %assign/vec4 v0x5fa2616b4c50_0, 0;
    %load/vec4 v0x5fa2616b3d70_0;
    %dup/vec4;
    %pushi/vec4 0, 0, 2;
    %cmp/u;
    %jmp/1 T_17.2, 6;
    %dup/vec4;
    %pushi/vec4 1, 0, 2;
    %cmp/u;
    %jmp/1 T_17.3, 6;
    %dup/vec4;
    %pushi/vec4 2, 0, 2;
    %cmp/u;
    %jmp/1 T_17.4, 6;
    %dup/vec4;
    %pushi/vec4 3, 0, 2;
    %cmp/u;
    %jmp/1 T_17.5, 6;
    %jmp T_17.6;
T_17.2 ;
    %pushi/vec4 0, 0, 1;
    %assign/vec4 v0x5fa2616b52c0_0, 0;
    %pushi/vec4 0, 0, 3;
    %assign/vec4 v0x5fa2616b4f80_0, 0;
    %load/vec4 v0x5fa2616b3cb0_0;
    %parti/s 1, 0, 2;
    %flag_set/vec4 8;
    %jmp/0xz  T_17.7, 8;
    %pushi/vec4 0, 0, 1;
    %assign/vec4 v0x5fa2616b3a20_0, 0;
    %load/vec4 v0x5fa2616b3f10_0;
    %assign/vec4 v0x5fa2616b3860_0, 0;
    %load/vec4 v0x5fa2616b4090_0;
    %assign/vec4 v0x5fa2616b3940_0, 0;
    %load/vec4 v0x5fa2616b44a0_0;
    %assign/vec4 v0x5fa2616b3ac0_0, 0;
    %pushi/vec4 1, 0, 2;
    %assign/vec4 v0x5fa2616b3d70_0, 0;
    %jmp T_17.8;
T_17.7 ;
    %load/vec4 v0x5fa2616b3cb0_0;
    %parti/s 1, 1, 2;
    %flag_set/vec4 8;
    %jmp/0xz  T_17.9, 8;
    %pushi/vec4 1, 0, 1;
    %assign/vec4 v0x5fa2616b3a20_0, 0;
    %load/vec4 v0x5fa2616b3fb0_0;
    %assign/vec4 v0x5fa2616b3860_0, 0;
    %load/vec4 v0x5fa2616b4170_0;
    %assign/vec4 v0x5fa2616b3940_0, 0;
    %load/vec4 v0x5fa2616b4580_0;
    %assign/vec4 v0x5fa2616b3ac0_0, 0;
    %pushi/vec4 1, 0, 2;
    %assign/vec4 v0x5fa2616b3d70_0, 0;
T_17.9 ;
T_17.8 ;
    %jmp T_17.6;
T_17.3 ;
    %load/vec4 v0x5fa2616b3860_0;
    %assign/vec4 v0x5fa2616b4ec0_0, 0;
    %load/vec4 v0x5fa2616b3940_0;
    %assign/vec4 v0x5fa2616b4f80_0, 0;
    %pushi/vec4 1, 0, 1;
    %assign/vec4 v0x5fa2616b52c0_0, 0;
    %load/vec4 v0x5fa2616b3860_0;
    %assign/vec4 v0x5fa2616b48f0_0, 0;
    %load/vec4 v0x5fa2616b3940_0;
    %assign/vec4 v0x5fa2616b49d0_0, 0;
    %load/vec4 v0x5fa2616b3ac0_0;
    %assign/vec4 v0x5fa2616b4d10_0, 0;
    %pushi/vec4 1, 0, 1;
    %assign/vec4 v0x5fa2616b4c50_0, 0;
    %pushi/vec4 0, 0, 1;
    %assign/vec4 v0x5fa2616b5060_0, 0;
    %pushi/vec4 2, 0, 2;
    %assign/vec4 v0x5fa2616b3d70_0, 0;
    %load/vec4 v0x5fa2616b3940_0;
    %cmpi/e 1, 0, 3;
    %flag_mov 8, 4;
    %jmp/0 T_17.11, 8;
    %pushi/vec4 1114993490, 0, 32; draw_string_vec4
    %pushi/vec4 6561824, 0, 24; draw_string_vec4
    %concat/vec4; draw_string_vec4
    %jmp/1 T_17.12, 8;
T_17.11 ; End of true expr.
    %load/vec4 v0x5fa2616b3940_0;
    %cmpi/e 2, 0, 3;
    %flag_mov 9, 4;
    %jmp/0 T_17.13, 9;
    %pushi/vec4 1114993490, 0, 32; draw_string_vec4
    %pushi/vec4 6576160, 0, 24; draw_string_vec4
    %concat/vec4; draw_string_vec4
    %jmp/1 T_17.14, 9;
T_17.13 ; End of true expr.
    %load/vec4 v0x5fa2616b3940_0;
    %cmpi/e 3, 0, 3;
    %flag_mov 10, 4;
    %jmp/0 T_17.15, 10;
    %pushi/vec4 1114993493, 0, 32; draw_string_vec4
    %pushi/vec4 7366514, 0, 24; draw_string_vec4
    %concat/vec4; draw_string_vec4
    %jmp/1 T_17.16, 10;
T_17.15 ; End of true expr.
    %load/vec4 v0x5fa2616b3940_0;
    %cmpi/e 4, 0, 3;
    %flag_mov 11, 4;
    %jmp/0 T_17.17, 11;
    %pushi/vec4 1114993495, 0, 32; draw_string_vec4
    %pushi/vec4 4333600, 0, 24; draw_string_vec4
    %concat/vec4; draw_string_vec4
    %jmp/1 T_17.18, 11;
T_17.17 ; End of true expr.
    %pushi/vec4 1229212741, 0, 32; draw_string_vec4
    %pushi/vec4 2105376, 0, 24; draw_string_vec4
    %concat/vec4; draw_string_vec4
    %jmp/0 T_17.18, 11;
 ; End of false expr.
    %blend;
T_17.18;
    %jmp/0 T_17.16, 10;
 ; End of false expr.
    %blend;
T_17.16;
    %jmp/0 T_17.14, 9;
 ; End of false expr.
    %blend;
T_17.14;
    %jmp/0 T_17.12, 8;
 ; End of false expr.
    %blend;
T_17.12;
    %vpi_call 5 136 "$display", "[BUS] T=%0t | Core%0b | %s | ADDR=0x%02h", $time, &PV<v0x5fa2616b3cb0_0, 1, 1>, S<0,vec4,u56>, v0x5fa2616b3860_0 {1 0 0};
    %jmp T_17.6;
T_17.4 ;
    %pushi/vec4 1, 0, 1;
    %assign/vec4 v0x5fa2616b52c0_0, 0;
    %load/vec4 v0x5fa2616b5060_0;
    %cmpi/e 1, 0, 1;
    %jmp/0xz  T_17.19, 4;
    %pushi/vec4 3, 0, 2;
    %assign/vec4 v0x5fa2616b3d70_0, 0;
T_17.19 ;
    %load/vec4 v0x5fa2616b5060_0;
    %inv;
    %assign/vec4 v0x5fa2616b5060_0, 0;
    %jmp T_17.6;
T_17.5 ;
    %pushi/vec4 0, 0, 1;
    %assign/vec4 v0x5fa2616b52c0_0, 0;
    %load/vec4 v0x5fa2616b3940_0;
    %cmpi/e 4, 0, 3;
    %jmp/1 T_17.23, 4;
    %flag_mov 8, 4;
    %load/vec4 v0x5fa2616b3940_0;
    %cmpi/e 3, 0, 3;
    %flag_or 4, 8;
T_17.23;
    %jmp/0xz  T_17.21, 4;
    %pushi/vec4 0, 0, 2;
    %assign/vec4 v0x5fa2616b3d70_0, 0;
    %jmp T_17.22;
T_17.21 ;
    %load/vec4 v0x5fa2616b4770_0;
    %flag_set/vec4 9;
    %flag_get/vec4 9;
    %jmp/0 T_17.26, 9;
    %load/vec4 v0x5fa2616b3a20_0;
    %pushi/vec4 1, 0, 1;
    %cmp/e;
    %flag_get/vec4 4;
    %and;
T_17.26;
    %flag_set/vec4 8;
    %jmp/0xz  T_17.24, 8;
    %load/vec4 v0x5fa2616b44a0_0;
    %assign/vec4 v0x5fa2616b5120_0, 0;
    %pushi/vec4 1, 0, 1;
    %assign/vec4 v0x5fa2616b5200_0, 0;
    %pushi/vec4 0, 0, 2;
    %assign/vec4 v0x5fa2616b3d70_0, 0;
    %vpi_call 5 174 "$display", "[BUS] T=%0t | Cache-to-Cache from Core0 data=0x%h", $time, v0x5fa2616b44a0_0 {0 0 0};
    %jmp T_17.25;
T_17.24 ;
    %load/vec4 v0x5fa2616b4830_0;
    %flag_set/vec4 9;
    %flag_get/vec4 9;
    %jmp/0 T_17.29, 9;
    %load/vec4 v0x5fa2616b3a20_0;
    %pushi/vec4 0, 0, 1;
    %cmp/e;
    %flag_get/vec4 4;
    %and;
T_17.29;
    %flag_set/vec4 8;
    %jmp/0xz  T_17.27, 8;
    %load/vec4 v0x5fa2616b4580_0;
    %assign/vec4 v0x5fa2616b5120_0, 0;
    %pushi/vec4 1, 0, 1;
    %assign/vec4 v0x5fa2616b5200_0, 0;
    %pushi/vec4 0, 0, 2;
    %assign/vec4 v0x5fa2616b3d70_0, 0;
    %vpi_call 5 180 "$display", "[BUS] T=%0t | Cache-to-Cache from Core1 data=0x%h", $time, v0x5fa2616b4580_0 {0 0 0};
    %jmp T_17.28;
T_17.27 ;
    %load/vec4 v0x5fa2616b4b90_0;
    %flag_set/vec4 8;
    %jmp/0xz  T_17.30, 8;
    %load/vec4 v0x5fa2616b4ab0_0;
    %assign/vec4 v0x5fa2616b5120_0, 0;
    %pushi/vec4 1, 0, 1;
    %assign/vec4 v0x5fa2616b5200_0, 0;
    %pushi/vec4 0, 0, 2;
    %assign/vec4 v0x5fa2616b3d70_0, 0;
    %vpi_call 5 186 "$display", "[BUS] T=%0t | Memory data=0x%h supplied", $time, v0x5fa2616b4ab0_0 {0 0 0};
T_17.30 ;
T_17.28 ;
T_17.25 ;
T_17.22 ;
    %jmp T_17.6;
T_17.6 ;
    %pop/vec4 1;
T_17.1 ;
    %jmp T_17;
    .thread T_17;
    .scope S_0x5fa2616b19d0;
T_18 ;
    %wait E_0x5fa261574c20;
    %load/vec4 v0x5fa2616b2b50_0;
    %flag_set/vec4 8;
    %jmp/0xz  T_18.0, 8;
    %pushi/vec4 0, 0, 2;
    %assign/vec4 v0x5fa2616b2290_0, 0;
    %pushi/vec4 0, 0, 2;
    %assign/vec4 v0x5fa2616b2370_0, 0;
    %pushi/vec4 0, 0, 1;
    %assign/vec4 v0x5fa2616b2910_0, 0;
    %pushi/vec4 0, 0, 1;
    %assign/vec4 v0x5fa2616b2790_0, 0;
    %jmp T_18.1;
T_18.0 ;
    %load/vec4 v0x5fa2616b2290_0;
    %dup/vec4;
    %pushi/vec4 0, 0, 2;
    %cmp/u;
    %jmp/1 T_18.2, 6;
    %dup/vec4;
    %pushi/vec4 1, 0, 2;
    %cmp/u;
    %jmp/1 T_18.3, 6;
    %dup/vec4;
    %pushi/vec4 2, 0, 2;
    %cmp/u;
    %jmp/1 T_18.4, 6;
    %pushi/vec4 0, 0, 2;
    %assign/vec4 v0x5fa2616b2290_0, 0;
    %jmp T_18.6;
T_18.2 ;
    %pushi/vec4 0, 0, 2;
    %assign/vec4 v0x5fa2616b2370_0, 0;
    %load/vec4 v0x5fa2616b2180_0;
    %flag_set/vec4 8;
    %jmp/0xz  T_18.7, 8;
    %load/vec4 v0x5fa2616b2850_0;
    %assign/vec4 v0x5fa2616b2790_0, 0;
    %load/vec4 v0x5fa2616b2850_0;
    %assign/vec4 v0x5fa2616b2910_0, 0;
    %load/vec4 v0x5fa2616b2850_0;
    %cmpi/e 0, 0, 1;
    %flag_mov 8, 4;
    %jmp/0 T_18.9, 8;
    %pushi/vec4 1, 0, 2;
    %jmp/1 T_18.10, 8;
T_18.9 ; End of true expr.
    %pushi/vec4 2, 0, 2;
    %jmp/0 T_18.10, 8;
 ; End of false expr.
    %blend;
T_18.10;
    %assign/vec4 v0x5fa2616b2370_0, 0;
    %pushi/vec4 1, 0, 2;
    %assign/vec4 v0x5fa2616b2290_0, 0;
    %vpi_call 4 57 "$display", "[ARB] T=%0t | Grant \342\206\222 Core%0b", $time, v0x5fa2616b2850_0 {0 0 0};
T_18.7 ;
    %jmp T_18.6;
T_18.3 ;
    %load/vec4 v0x5fa2616b2450_0;
    %nor/r;
    %flag_set/vec4 8;
    %jmp/0xz  T_18.11, 8;
    %pushi/vec4 2, 0, 2;
    %assign/vec4 v0x5fa2616b2290_0, 0;
T_18.11 ;
    %jmp T_18.6;
T_18.4 ;
    %load/vec4 v0x5fa2616b2450_0;
    %flag_set/vec4 8;
    %jmp/0xz  T_18.13, 8;
    %pushi/vec4 0, 0, 2;
    %assign/vec4 v0x5fa2616b2370_0, 0;
    %pushi/vec4 0, 0, 2;
    %assign/vec4 v0x5fa2616b2290_0, 0;
    %vpi_call 4 72 "$display", "[ARB] T=%0t | Grant released (Core%0b)", $time, v0x5fa2616b2790_0 {0 0 0};
T_18.13 ;
    %jmp T_18.6;
T_18.6 ;
    %pop/vec4 1;
T_18.1 ;
    %jmp T_18;
    .thread T_18;
    .scope S_0x5fa2616c7500;
T_19 ;
    %wait E_0x5fa261574c20;
    %load/vec4 v0x5fa2616c9040_0;
    %flag_set/vec4 8;
    %jmp/0xz  T_19.0, 8;
    %pushi/vec4 0, 0, 32;
    %store/vec4 v0x5fa2616c87f0_0, 0, 32;
T_19.2 ;
    %load/vec4 v0x5fa2616c87f0_0;
    %cmpi/s 256, 0, 32;
    %jmp/0xz T_19.3, 5;
    %load/vec4 v0x5fa2616c87f0_0;
    %parti/s 8, 0, 2;
    %ix/getv/s 3, v0x5fa2616c87f0_0;
    %ix/load 4, 0, 0; Constant delay
    %assign/vec4/a/d v0x5fa2616c8a50, 0, 4;
    %load/vec4 v0x5fa2616c87f0_0;
    %addi 1, 0, 32;
    %store/vec4 v0x5fa2616c87f0_0, 0, 32;
    %jmp T_19.2;
T_19.3 ;
    %pushi/vec4 0, 0, 3;
    %assign/vec4 v0x5fa2616c8d40_0, 0;
    %pushi/vec4 0, 0, 64;
    %assign/vec4 v0x5fa2616c8c00_0, 0;
    %pushi/vec4 0, 0, 1;
    %assign/vec4 v0x5fa2616c8ca0_0, 0;
    %pushi/vec4 0, 0, 1;
    %assign/vec4 v0x5fa2616c8eb0_0, 0;
    %pushi/vec4 0, 0, 8;
    %assign/vec4 v0x5fa2616c90e0_0, 0;
    %pushi/vec4 0, 0, 3;
    %assign/vec4 v0x5fa2616c91a0_0, 0;
    %pushi/vec4 0, 0, 64;
    %assign/vec4 v0x5fa2616c9280_0, 0;
    %pushi/vec4 0, 0, 4;
    %assign/vec4 v0x5fa2616c88d0_0, 0;
    %jmp T_19.1;
T_19.0 ;
    %pushi/vec4 0, 0, 1;
    %assign/vec4 v0x5fa2616c8ca0_0, 0;
    %pushi/vec4 0, 0, 1;
    %assign/vec4 v0x5fa2616c8eb0_0, 0;
    %load/vec4 v0x5fa2616c8d40_0;
    %dup/vec4;
    %pushi/vec4 0, 0, 3;
    %cmp/u;
    %jmp/1 T_19.4, 6;
    %dup/vec4;
    %pushi/vec4 1, 0, 3;
    %cmp/u;
    %jmp/1 T_19.5, 6;
    %dup/vec4;
    %pushi/vec4 2, 0, 3;
    %cmp/u;
    %jmp/1 T_19.6, 6;
    %dup/vec4;
    %pushi/vec4 3, 0, 3;
    %cmp/u;
    %jmp/1 T_19.7, 6;
    %dup/vec4;
    %pushi/vec4 4, 0, 3;
    %cmp/u;
    %jmp/1 T_19.8, 6;
    %pushi/vec4 0, 0, 3;
    %assign/vec4 v0x5fa2616c8d40_0, 0;
    %jmp T_19.10;
T_19.4 ;
    %load/vec4 v0x5fa2616c8de0_0;
    %flag_set/vec4 9;
    %flag_get/vec4 9;
    %jmp/0 T_19.13, 9;
    %load/vec4 v0x5fa2616c8b40_0;
    %cmpi/e 1, 0, 3;
    %jmp/1 T_19.15, 4;
    %flag_mov 9, 4;
    %load/vec4 v0x5fa2616c8b40_0;
    %cmpi/e 2, 0, 3;
    %flag_or 4, 9;
T_19.15;
    %flag_get/vec4 4;
    %jmp/1 T_19.14, 4;
    %load/vec4 v0x5fa2616c8b40_0;
    %pushi/vec4 4, 0, 3;
    %cmp/e;
    %flag_get/vec4 4;
    %or;
T_19.14;
    %and;
T_19.13;
    %flag_set/vec4 8;
    %jmp/0xz  T_19.11, 8;
    %load/vec4 v0x5fa2616c8990_0;
    %assign/vec4 v0x5fa2616c90e0_0, 0;
    %load/vec4 v0x5fa2616c8b40_0;
    %assign/vec4 v0x5fa2616c91a0_0, 0;
    %load/vec4 v0x5fa2616c8f50_0;
    %assign/vec4 v0x5fa2616c9280_0, 0;
    %pushi/vec4 0, 0, 4;
    %assign/vec4 v0x5fa2616c88d0_0, 0;
    %pushi/vec4 1, 0, 3;
    %assign/vec4 v0x5fa2616c8d40_0, 0;
T_19.11 ;
    %jmp T_19.10;
T_19.5 ;
    %load/vec4 v0x5fa2616c91a0_0;
    %dup/vec4;
    %pushi/vec4 1, 0, 3;
    %cmp/u;
    %jmp/1 T_19.16, 6;
    %dup/vec4;
    %pushi/vec4 2, 0, 3;
    %cmp/u;
    %jmp/1 T_19.17, 6;
    %dup/vec4;
    %pushi/vec4 4, 0, 3;
    %cmp/u;
    %jmp/1 T_19.18, 6;
    %pushi/vec4 0, 0, 3;
    %assign/vec4 v0x5fa2616c8d40_0, 0;
    %jmp T_19.20;
T_19.16 ;
    %pushi/vec4 2, 0, 3;
    %assign/vec4 v0x5fa2616c8d40_0, 0;
    %jmp T_19.20;
T_19.17 ;
    %pushi/vec4 2, 0, 3;
    %assign/vec4 v0x5fa2616c8d40_0, 0;
    %jmp T_19.20;
T_19.18 ;
    %pushi/vec4 4, 0, 3;
    %assign/vec4 v0x5fa2616c8d40_0, 0;
    %jmp T_19.20;
T_19.20 ;
    %pop/vec4 1;
    %jmp T_19.10;
T_19.6 ;
    %load/vec4 v0x5fa2616c88d0_0;
    %addi 1, 0, 4;
    %assign/vec4 v0x5fa2616c88d0_0, 0;
    %load/vec4 v0x5fa2616c88d0_0;
    %pad/u 32;
    %cmpi/e 8, 0, 32;
    %jmp/0xz  T_19.21, 4;
    %pushi/vec4 3, 0, 3;
    %assign/vec4 v0x5fa2616c8d40_0, 0;
T_19.21 ;
    %jmp T_19.10;
T_19.7 ;
    %fork t_1, S_0x5fa2616c7fb0;
    %jmp t_0;
    .scope S_0x5fa2616c7fb0;
t_1 ;
    %load/vec4 v0x5fa2616c90e0_0;
    %parti/s 5, 3, 3;
    %concati/vec4 0, 0, 3;
    %store/vec4 v0x5fa2616c8290_0, 0, 8;
    %pushi/vec4 0, 0, 32;
    %store/vec4 v0x5fa2616c8190_0, 0, 32;
T_19.23 ;
    %load/vec4 v0x5fa2616c8190_0;
    %cmpi/s 8, 0, 32;
    %jmp/0xz T_19.24, 5;
    %load/vec4 v0x5fa2616c8290_0;
    %load/vec4 v0x5fa2616c8190_0;
    %parti/s 8, 0, 2;
    %add;
    %pad/u 10;
    %ix/vec4 4;
    %load/vec4a v0x5fa2616c8a50, 4;
    %ix/load 5, 0, 0;
    %load/vec4 v0x5fa2616c8190_0;
    %muli 8, 0, 32;
    %ix/vec4/s 4;
    %assign/vec4/off/d v0x5fa2616c8c00_0, 4, 5;
    %load/vec4 v0x5fa2616c8190_0;
    %addi 1, 0, 32;
    %store/vec4 v0x5fa2616c8190_0, 0, 32;
    %jmp T_19.23;
T_19.24 ;
    %end;
    .scope S_0x5fa2616c7500;
t_0 %join;
    %pushi/vec4 1, 0, 1;
    %assign/vec4 v0x5fa2616c8ca0_0, 0;
    %vpi_call 8 110 "$display", "[MEM] T=%0t | READ  addr=0x%02h latency=%0d", $time, v0x5fa2616c90e0_0, P_0x5fa2616c78a0 {0 0 0};
    %pushi/vec4 0, 0, 3;
    %assign/vec4 v0x5fa2616c8d40_0, 0;
    %jmp T_19.10;
T_19.8 ;
    %fork t_3, S_0x5fa2616c8370;
    %jmp t_2;
    .scope S_0x5fa2616c8370;
t_3 ;
    %load/vec4 v0x5fa2616c90e0_0;
    %parti/s 5, 3, 3;
    %concati/vec4 0, 0, 3;
    %store/vec4 v0x5fa2616c8650_0, 0, 8;
    %pushi/vec4 0, 0, 32;
    %store/vec4 v0x5fa2616c8570_0, 0, 32;
T_19.25 ;
    %load/vec4 v0x5fa2616c8570_0;
    %cmpi/s 8, 0, 32;
    %jmp/0xz T_19.26, 5;
    %load/vec4 v0x5fa2616c9280_0;
    %load/vec4 v0x5fa2616c8570_0;
    %muli 8, 0, 32;
    %part/s 8;
    %load/vec4 v0x5fa2616c8650_0;
    %load/vec4 v0x5fa2616c8570_0;
    %parti/s 8, 0, 2;
    %add;
    %pad/u 10;
    %ix/vec4 3;
    %ix/load 4, 0, 0; Constant delay
    %assign/vec4/a/d v0x5fa2616c8a50, 0, 4;
    %load/vec4 v0x5fa2616c8570_0;
    %addi 1, 0, 32;
    %store/vec4 v0x5fa2616c8570_0, 0, 32;
    %jmp T_19.25;
T_19.26 ;
    %end;
    .scope S_0x5fa2616c7500;
t_2 %join;
    %pushi/vec4 1, 0, 1;
    %assign/vec4 v0x5fa2616c8eb0_0, 0;
    %vpi_call 8 127 "$display", "[MEM] T=%0t | WRITE addr=0x%02h data=0x%h", $time, v0x5fa2616c90e0_0, v0x5fa2616c9280_0 {0 0 0};
    %pushi/vec4 0, 0, 3;
    %assign/vec4 v0x5fa2616c8d40_0, 0;
    %jmp T_19.10;
T_19.10 ;
    %pop/vec4 1;
T_19.1 ;
    %jmp T_19;
    .thread T_19;
    .scope S_0x5fa261679860;
T_20 ;
    %pushi/vec4 0, 0, 1;
    %store/vec4 v0x5fa2616ceba0_0, 0, 1;
    %end;
    .thread T_20;
    .scope S_0x5fa261679860;
T_21 ;
    %delay 5000, 0;
    %load/vec4 v0x5fa2616ceba0_0;
    %inv;
    %store/vec4 v0x5fa2616ceba0_0, 0, 1;
    %jmp T_21;
    .thread T_21;
    .scope S_0x5fa261679860;
T_22 ;
    %wait E_0x5fa2615773c0;
    %load/vec4 v0x5fa2616cec40_0;
    %addi 1, 0, 32;
    %store/vec4 v0x5fa2616cec40_0, 0, 32;
    %jmp T_22;
    .thread T_22;
    .scope S_0x5fa261679860;
T_23 ;
    %vpi_call 2 81 "$dumpfile", "mesi_sim.vcd" {0 0 0};
    %vpi_call 2 82 "$dumpvars", 32'sb00000000000000000000000000000000, S_0x5fa261679860 {0 0 0};
    %end;
    .thread T_23;
    .scope S_0x5fa261679860;
T_24 ;
    %pushi/vec4 0, 0, 32;
    %store/vec4 v0x5fa2616d0500_0, 0, 32;
    %pushi/vec4 0, 0, 32;
    %store/vec4 v0x5fa2616cf3f0_0, 0, 32;
    %pushi/vec4 0, 0, 32;
    %store/vec4 v0x5fa2616cf090_0, 0, 32;
    %pushi/vec4 0, 0, 32;
    %store/vec4 v0x5fa2616cf150_0, 0, 32;
    %pushi/vec4 0, 0, 32;
    %store/vec4 v0x5fa2616cf310_0, 0, 32;
    %pushi/vec4 0, 0, 32;
    %store/vec4 v0x5fa2616cec40_0, 0, 32;
    %pushi/vec4 0, 0, 1;
    %store/vec4 v0x5fa2616cf790_0, 0, 1;
    %pushi/vec4 0, 0, 1;
    %store/vec4 v0x5fa2616cfaa0_0, 0, 1;
    %pushi/vec4 0, 0, 8;
    %store/vec4 v0x5fa2616cf570_0, 0, 8;
    %pushi/vec4 0, 0, 8;
    %store/vec4 v0x5fa2616cf880_0, 0, 8;
    %pushi/vec4 0, 0, 1;
    %store/vec4 v0x5fa2616cfea0_0, 0, 1;
    %pushi/vec4 0, 0, 1;
    %store/vec4 v0x5fa2616d00a0_0, 0, 1;
    %pushi/vec4 0, 0, 8;
    %store/vec4 v0x5fa2616cfc80_0, 0, 8;
    %pushi/vec4 0, 0, 8;
    %store/vec4 v0x5fa2616cff90_0, 0, 8;
    %pushi/vec4 1, 0, 1;
    %store/vec4 v0x5fa2616d0350_0, 0, 1;
    %pushi/vec4 4, 0, 32;
T_24.0 %dup/vec4;
    %pushi/vec4 0, 0, 32;
    %cmp/s;
    %jmp/1xz T_24.1, 5;
    %jmp/1 T_24.1, 4;
    %pushi/vec4 1, 0, 32;
    %sub;
    %wait E_0x5fa2615773c0;
    %jmp T_24.0;
T_24.1 ;
    %pop/vec4 1;
    %pushi/vec4 0, 0, 1;
    %store/vec4 v0x5fa2616d0350_0, 0, 1;
    %pushi/vec4 2, 0, 32;
T_24.2 %dup/vec4;
    %pushi/vec4 0, 0, 32;
    %cmp/s;
    %jmp/1xz T_24.3, 5;
    %jmp/1 T_24.3, 4;
    %pushi/vec4 1, 0, 32;
    %sub;
    %wait E_0x5fa2615773c0;
    %jmp T_24.2;
T_24.3 ;
    %pop/vec4 1;
    %vpi_call 2 268 "$display", "\000" {0 0 0};
    %vpi_call 2 269 "$display", "\342\225\224\342\225\220\342\225\220\342\225\220\342\225\220\342\225\220\342\225\220\342\225\220\342\225\220\342\225\220\342\225\220\342\225\220\342\225\220\342\225\220\342\225\220\342\225\220\342\225\220\342\225\220\342\225\220\342\225\220\342\225\220\342\225\220\342\225\220\342\225\220\342\225\220\342\225\220\342\225\220\342\225\220\342\225\220\342\225\220\342\225\220\342\225\220\342\225\220\342\225\220\342\225\220\342\225\220\342\225\220\342\225\220\342\225\220\342\225\220\342\225\220\342\225\220\342\225\220\342\225\227" {0 0 0};
    %vpi_call 2 270 "$display", "\342\225\221   MESI Cache Coherence Protocol TB       \342\225\221" {0 0 0};
    %vpi_call 2 271 "$display", "\342\225\221   2-Core Snooping Bus System             \342\225\221" {0 0 0};
    %vpi_call 2 272 "$display", "\342\225\232\342\225\220\342\225\220\342\225\220\342\225\220\342\225\220\342\225\220\342\225\220\342\225\220\342\225\220\342\225\220\342\225\220\342\225\220\342\225\220\342\225\220\342\225\220\342\225\220\342\225\220\342\225\220\342\225\220\342\225\220\342\225\220\342\225\220\342\225\220\342\225\220\342\225\220\342\225\220\342\225\220\342\225\220\342\225\220\342\225\220\342\225\220\342\225\220\342\225\220\342\225\220\342\225\220\342\225\220\342\225\220\342\225\220\342\225\220\342\225\220\342\225\220\342\225\220\342\225\235" {0 0 0};
    %pushi/vec4 83, 0, 32; draw_string_vec4
    %pushi/vec4 1128615489, 0, 32; draw_string_vec4
    %concat/vec4; draw_string_vec4
    %pushi/vec4 1380536096, 0, 32; draw_string_vec4
    %concat/vec4; draw_string_vec4
    %pushi/vec4 825892931, 0, 32; draw_string_vec4
    %concat/vec4; draw_string_vec4
    %pushi/vec4 1869374496, 0, 32; draw_string_vec4
    %concat/vec4; draw_string_vec4
    %pushi/vec4 1298756467, 0, 32; draw_string_vec4
    %concat/vec4; draw_string_vec4
    %pushi/vec4 538986784, 0, 32; draw_string_vec4
    %concat/vec4; draw_string_vec4
    %pushi/vec4 759046213, 0, 32; draw_string_vec4
    %concat/vec4; draw_string_vec4
    %store/vec4 v0x5fa2616ceb00_0, 0, 256;
    %fork TD_tb_mesi_top.print_scenario, S_0x5fa2616ce970;
    %join;
    %vpi_call 2 281 "$display", "  Core0 reads 0x48 (first access, no other copy)" {0 0 0};
    %load/vec4 v0x5fa2616cf310_0;
    %addi 1, 0, 32;
    %store/vec4 v0x5fa2616cf310_0, 0, 32;
    %pushi/vec4 72, 0, 8;
    %store/vec4 v0x5fa26161d0a0_0, 0, 8;
    %fork TD_tb_mesi_top.core0_read, S_0x5fa261643d80;
    %join;
    %load/vec4 v0x5fa26161a130_0;
    %store/vec4 v0x5fa2616d0190_0, 0, 8;
    %vpi_call 2 286 "$display", "  Core0 got data=0x%02h", v0x5fa2616d0190_0 {0 0 0};
    %load/vec4 v0x5fa2616d0190_0;
    %pushi/vec4 72, 0, 8;
    %cmp/e;
    %flag_get/vec4 4;
    %store/vec4 v0x5fa26161c5e0_0, 0, 1;
    %pushi/vec4 3259025118, 0, 33;
    %concati/vec4 3840199366, 0, 32;
    %concati/vec4 3896528992, 0, 32;
    %concati/vec4 2016688169, 0, 31;
    %store/vec4 v0x5fa26161ca40_0, 0, 128;
    %fork TD_tb_mesi_top.check, S_0x5fa261678210;
    %join;
    %pushi/vec4 1, 0, 2;
    %store/vec4 v0x5fa2616b1760_0, 0, 2;
    %pushi/vec4 0, 0, 1;
    %store/vec4 v0x5fa2616ce330_0, 0, 1;
    %fork TD_tb_mesi_top.get_mesi_core0, S_0x5fa2616ce0b0;
    %join;
    %load/vec4 v0x5fa2616ce290_0;
    %store/vec4 v0x5fa2616cf230_0, 0, 2;
    %load/vec4 v0x5fa2616cf230_0;
    %pushi/vec4 2, 0, 2;
    %cmp/e;
    %flag_get/vec4 4;
    %store/vec4 v0x5fa26161c5e0_0, 0, 1;
    %pushi/vec4 2177749381, 0, 34;
    %concati/vec4 3516200213, 0, 32;
    %concati/vec4 3256509098, 0, 33;
    %concati/vec4 323573317, 0, 29;
    %store/vec4 v0x5fa26161ca40_0, 0, 128;
    %fork TD_tb_mesi_top.check, S_0x5fa261678210;
    %join;
    %pushi/vec4 1, 0, 2;
    %store/vec4 v0x5fa2616ce5b0_0, 0, 2;
    %pushi/vec4 0, 0, 1;
    %store/vec4 v0x5fa2616ce6f0_0, 0, 1;
    %fork TD_tb_mesi_top.get_mesi_core1, S_0x5fa2616ce3d0;
    %join;
    %load/vec4 v0x5fa2616ce650_0;
    %store/vec4 v0x5fa2616cf230_0, 0, 2;
    %load/vec4 v0x5fa2616cf230_0;
    %pushi/vec4 0, 0, 2;
    %cmp/e;
    %flag_get/vec4 4;
    %store/vec4 v0x5fa26161c5e0_0, 0, 1;
    %pushi/vec4 2191037064, 0, 33;
    %concati/vec4 2158089657, 0, 33;
    %concati/vec4 3518879117, 0, 32;
    %concati/vec4 677733417, 0, 30;
    %store/vec4 v0x5fa26161ca40_0, 0, 128;
    %fork TD_tb_mesi_top.check, S_0x5fa261678210;
    %join;
    %fork TD_tb_mesi_top.idle_gap, S_0x5fa2616ce790;
    %join;
    %pushi/vec4 0, 0, 32; draw_string_vec4
    %pushi/vec4 1396917582, 0, 32; draw_string_vec4
    %concat/vec4; draw_string_vec4
    %pushi/vec4 1095911759, 0, 32; draw_string_vec4
    %concat/vec4; draw_string_vec4
    %pushi/vec4 540162592, 0, 32; draw_string_vec4
    %concat/vec4; draw_string_vec4
    %pushi/vec4 1382375780, 0, 32; draw_string_vec4
    %concat/vec4; draw_string_vec4
    %pushi/vec4 541616500, 0, 32; draw_string_vec4
    %concat/vec4; draw_string_vec4
    %pushi/vec4 538985760, 0, 32; draw_string_vec4
    %concat/vec4; draw_string_vec4
    %pushi/vec4 759046213, 0, 32; draw_string_vec4
    %concat/vec4; draw_string_vec4
    %store/vec4 v0x5fa2616ceb00_0, 0, 256;
    %fork TD_tb_mesi_top.print_scenario, S_0x5fa2616ce970;
    %join;
    %vpi_call 2 308 "$display", "  Core0 reads 0x48 again (should hit, no bus)" {0 0 0};
    %load/vec4 v0x5fa2616cf150_0;
    %addi 1, 0, 32;
    %store/vec4 v0x5fa2616cf150_0, 0, 32;
    %pushi/vec4 72, 0, 8;
    %store/vec4 v0x5fa26161d0a0_0, 0, 8;
    %fork TD_tb_mesi_top.core0_read, S_0x5fa261643d80;
    %join;
    %load/vec4 v0x5fa26161a130_0;
    %store/vec4 v0x5fa2616d0190_0, 0, 8;
    %vpi_call 2 313 "$display", "  Core0 got data=0x%02h", v0x5fa2616d0190_0 {0 0 0};
    %load/vec4 v0x5fa2616d0190_0;
    %pushi/vec4 72, 0, 8;
    %cmp/e;
    %flag_get/vec4 4;
    %store/vec4 v0x5fa26161c5e0_0, 0, 1;
    %pushi/vec4 3839682112, 0, 33;
    %concati/vec4 3336496356, 0, 32;
    %concati/vec4 3402033216, 0, 32;
    %concati/vec4 1684108385, 0, 31;
    %store/vec4 v0x5fa26161ca40_0, 0, 128;
    %fork TD_tb_mesi_top.check, S_0x5fa261678210;
    %join;
    %pushi/vec4 1, 0, 2;
    %store/vec4 v0x5fa2616b1760_0, 0, 2;
    %pushi/vec4 0, 0, 1;
    %store/vec4 v0x5fa2616ce330_0, 0, 1;
    %fork TD_tb_mesi_top.get_mesi_core0, S_0x5fa2616ce0b0;
    %join;
    %load/vec4 v0x5fa2616ce290_0;
    %store/vec4 v0x5fa2616cf230_0, 0, 2;
    %load/vec4 v0x5fa2616cf230_0;
    %pushi/vec4 2, 0, 2;
    %cmp/e;
    %flag_get/vec4 4;
    %store/vec4 v0x5fa26161c5e0_0, 0, 1;
    %pushi/vec4 2319499980, 0, 33;
    %concati/vec4 3905610816, 0, 32;
    %concati/vec4 3838493384, 0, 32;
    %concati/vec4 543713652, 0, 31;
    %store/vec4 v0x5fa26161ca40_0, 0, 128;
    %fork TD_tb_mesi_top.check, S_0x5fa261678210;
    %join;
    %fork TD_tb_mesi_top.idle_gap, S_0x5fa2616ce790;
    %join;
    %pushi/vec4 2191823518, 0, 33;
    %concati/vec4 2160912513, 0, 33;
    %concati/vec4 2604862355, 0, 33;
    %concati/vec4 2894334540, 0, 34;
    %concati/vec4 2888598532, 0, 32;
    %concati/vec4 2321185958, 0, 36;
    %concati/vec4 2158788900, 0, 33;
    %concati/vec4 2965075, 0, 22;
    %store/vec4 v0x5fa2616ceb00_0, 0, 256;
    %fork TD_tb_mesi_top.print_scenario, S_0x5fa2616ce970;
    %join;
    %vpi_call 2 331 "$display", "  Core1 reads 0x48 (Core0 has it in EXCLUSIVE)" {0 0 0};
    %load/vec4 v0x5fa2616cf310_0;
    %addi 1, 0, 32;
    %store/vec4 v0x5fa2616cf310_0, 0, 32;
    %pushi/vec4 72, 0, 8;
    %store/vec4 v0x5fa2616b0e10_0, 0, 8;
    %fork TD_tb_mesi_top.core1_read, S_0x5fa261678590;
    %join;
    %load/vec4 v0x5fa2616b0f10_0;
    %store/vec4 v0x5fa2616d0270_0, 0, 8;
    %vpi_call 2 336 "$display", "  Core1 got data=0x%02h", v0x5fa2616d0270_0 {0 0 0};
    %load/vec4 v0x5fa2616d0270_0;
    %pushi/vec4 72, 0, 8;
    %cmp/e;
    %flag_get/vec4 4;
    %store/vec4 v0x5fa26161c5e0_0, 0, 1;
    %pushi/vec4 3404260928, 0, 33;
    %concati/vec4 3336496356, 0, 32;
    %concati/vec4 3402033216, 0, 32;
    %concati/vec4 1684108385, 0, 31;
    %store/vec4 v0x5fa26161ca40_0, 0, 128;
    %fork TD_tb_mesi_top.check, S_0x5fa261678210;
    %join;
    %pushi/vec4 1, 0, 2;
    %store/vec4 v0x5fa2616b1760_0, 0, 2;
    %pushi/vec4 0, 0, 1;
    %store/vec4 v0x5fa2616ce330_0, 0, 1;
    %fork TD_tb_mesi_top.get_mesi_core0, S_0x5fa2616ce0b0;
    %join;
    %load/vec4 v0x5fa2616ce290_0;
    %store/vec4 v0x5fa2616cf230_0, 0, 2;
    %load/vec4 v0x5fa2616cf230_0;
    %pushi/vec4 1, 0, 2;
    %cmp/e;
    %flag_get/vec4 4;
    %store/vec4 v0x5fa26161c5e0_0, 0, 1;
    %pushi/vec4 2173812189, 0, 34;
    %concati/vec4 3114125701, 0, 32;
    %concati/vec4 2442498177, 0, 32;
    %concati/vec4 86851155, 0, 30;
    %store/vec4 v0x5fa26161ca40_0, 0, 128;
    %fork TD_tb_mesi_top.check, S_0x5fa261678210;
    %join;
    %pushi/vec4 1, 0, 2;
    %store/vec4 v0x5fa2616ce5b0_0, 0, 2;
    %pushi/vec4 0, 0, 1;
    %store/vec4 v0x5fa2616ce6f0_0, 0, 1;
    %fork TD_tb_mesi_top.get_mesi_core1, S_0x5fa2616ce3d0;
    %join;
    %load/vec4 v0x5fa2616ce650_0;
    %store/vec4 v0x5fa2616cf230_0, 0, 2;
    %load/vec4 v0x5fa2616cf230_0;
    %pushi/vec4 1, 0, 2;
    %cmp/e;
    %flag_get/vec4 4;
    %store/vec4 v0x5fa26161c5e0_0, 0, 1;
    %pushi/vec4 3395436746, 0, 33;
    %concati/vec4 3706243812, 0, 32;
    %concati/vec4 3862996624, 0, 32;
    %concati/vec4 1095910724, 0, 31;
    %store/vec4 v0x5fa26161ca40_0, 0, 128;
    %fork TD_tb_mesi_top.check, S_0x5fa261678210;
    %join;
    %fork TD_tb_mesi_top.idle_gap, S_0x5fa2616ce790;
    %join;
    %pushi/vec4 2170407333, 0, 34;
    %concati/vec4 3516170533, 0, 32;
    %concati/vec4 3118040497, 0, 32;
    %concati/vec4 2777777617, 0, 32;
    %concati/vec4 2780674176, 0, 32;
    %concati/vec4 2169287929, 0, 32;
    %concati/vec4 3523392005, 0, 34;
    %concati/vec4 53296713, 0, 28;
    %store/vec4 v0x5fa2616ceb00_0, 0, 256;
    %fork TD_tb_mesi_top.print_scenario, S_0x5fa2616ce970;
    %join;
    %vpi_call 2 356 "$display", "  Core0 writes 0xAB to 0x48 (both cores in SHARED)" {0 0 0};
    %load/vec4 v0x5fa2616cf310_0;
    %addi 1, 0, 32;
    %store/vec4 v0x5fa2616cf310_0, 0, 32;
    %pushi/vec4 72, 0, 8;
    %store/vec4 v0x5fa2615ba960_0, 0, 8;
    %pushi/vec4 171, 0, 8;
    %store/vec4 v0x5fa2616b0d00_0, 0, 8;
    %fork TD_tb_mesi_top.core0_write, S_0x5fa261678910;
    %join;
    %pushi/vec4 1, 0, 2;
    %store/vec4 v0x5fa2616b1760_0, 0, 2;
    %pushi/vec4 0, 0, 1;
    %store/vec4 v0x5fa2616ce330_0, 0, 1;
    %fork TD_tb_mesi_top.get_mesi_core0, S_0x5fa2616ce0b0;
    %join;
    %load/vec4 v0x5fa2616ce290_0;
    %store/vec4 v0x5fa2616cf230_0, 0, 2;
    %load/vec4 v0x5fa2616cf230_0;
    %pushi/vec4 3, 0, 2;
    %cmp/e;
    %flag_get/vec4 4;
    %store/vec4 v0x5fa26161c5e0_0, 0, 1;
    %pushi/vec4 2358413960, 0, 33;
    %concati/vec4 2173016529, 0, 33;
    %concati/vec4 2512945629, 0, 32;
    %concati/vec4 845771877, 0, 30;
    %store/vec4 v0x5fa26161ca40_0, 0, 128;
    %fork TD_tb_mesi_top.check, S_0x5fa261678210;
    %join;
    %pushi/vec4 3, 0, 32;
T_24.4 %dup/vec4;
    %pushi/vec4 0, 0, 32;
    %cmp/s;
    %jmp/1xz T_24.5, 5;
    %jmp/1 T_24.5, 4;
    %pushi/vec4 1, 0, 32;
    %sub;
    %wait E_0x5fa2615773c0;
    %jmp T_24.4;
T_24.5 ;
    %pop/vec4 1;
    %pushi/vec4 1, 0, 2;
    %store/vec4 v0x5fa2616ce5b0_0, 0, 2;
    %pushi/vec4 0, 0, 1;
    %store/vec4 v0x5fa2616ce6f0_0, 0, 1;
    %fork TD_tb_mesi_top.get_mesi_core1, S_0x5fa2616ce3d0;
    %join;
    %load/vec4 v0x5fa2616ce650_0;
    %store/vec4 v0x5fa2616cf230_0, 0, 2;
    %load/vec4 v0x5fa2616cf230_0;
    %pushi/vec4 0, 0, 2;
    %cmp/e;
    %flag_get/vec4 4;
    %store/vec4 v0x5fa26161c5e0_0, 0, 1;
    %pushi/vec4 3537693890, 0, 33;
    %concati/vec4 3637692610, 0, 32;
    %concati/vec4 3905603648, 0, 32;
    %concati/vec4 1395473993, 0, 31;
    %store/vec4 v0x5fa26161ca40_0, 0, 128;
    %fork TD_tb_mesi_top.check, S_0x5fa261678210;
    %join;
    %load/vec4 v0x5fa2616cf150_0;
    %addi 1, 0, 32;
    %store/vec4 v0x5fa2616cf150_0, 0, 32;
    %pushi/vec4 72, 0, 8;
    %store/vec4 v0x5fa26161d0a0_0, 0, 8;
    %fork TD_tb_mesi_top.core0_read, S_0x5fa261643d80;
    %join;
    %load/vec4 v0x5fa26161a130_0;
    %store/vec4 v0x5fa2616d0190_0, 0, 8;
    %load/vec4 v0x5fa2616d0190_0;
    %pushi/vec4 171, 0, 8;
    %cmp/e;
    %flag_get/vec4 4;
    %store/vec4 v0x5fa26161c5e0_0, 0, 1;
    %pushi/vec4 3538479306, 0, 33;
    %concati/vec4 3695242434, 0, 32;
    %concati/vec4 3639265856, 0, 32;
    %concati/vec4 813187394, 0, 31;
    %store/vec4 v0x5fa26161ca40_0, 0, 128;
    %fork TD_tb_mesi_top.check, S_0x5fa261678210;
    %join;
    %fork TD_tb_mesi_top.idle_gap, S_0x5fa2616ce790;
    %join;
    %pushi/vec4 2655021684, 0, 33;
    %concati/vec4 2170407333, 0, 33;
    %concati/vec4 3516170529, 0, 32;
    %concati/vec4 2781905341, 0, 32;
    %concati/vec4 3095475645, 0, 32;
    %concati/vec4 2443549093, 0, 32;
    %concati/vec4 2509275265, 0, 32;
    %concati/vec4 221068877, 0, 30;
    %store/vec4 v0x5fa2616ceb00_0, 0, 256;
    %fork TD_tb_mesi_top.print_scenario, S_0x5fa2616ce970;
    %join;
    %vpi_call 2 386 "$display", "  Core0 writes 0xCD to 0x48 (already MODIFIED, silent)" {0 0 0};
    %load/vec4 v0x5fa2616cf150_0;
    %addi 1, 0, 32;
    %store/vec4 v0x5fa2616cf150_0, 0, 32;
    %pushi/vec4 72, 0, 8;
    %store/vec4 v0x5fa2615ba960_0, 0, 8;
    %pushi/vec4 205, 0, 8;
    %store/vec4 v0x5fa2616b0d00_0, 0, 8;
    %fork TD_tb_mesi_top.core0_write, S_0x5fa261678910;
    %join;
    %pushi/vec4 1, 0, 2;
    %store/vec4 v0x5fa2616b1760_0, 0, 2;
    %pushi/vec4 0, 0, 1;
    %store/vec4 v0x5fa2616ce330_0, 0, 1;
    %fork TD_tb_mesi_top.get_mesi_core0, S_0x5fa2616ce0b0;
    %join;
    %load/vec4 v0x5fa2616ce290_0;
    %store/vec4 v0x5fa2616cf230_0, 0, 2;
    %load/vec4 v0x5fa2616cf230_0;
    %pushi/vec4 3, 0, 2;
    %cmp/e;
    %flag_get/vec4 4;
    %store/vec4 v0x5fa26161c5e0_0, 0, 1;
    %pushi/vec4 3229732305, 0, 34;
    %concati/vec4 2246429825, 0, 32;
    %concati/vec4 3572778132, 0, 34;
    %concati/vec4 105465156, 0, 28;
    %store/vec4 v0x5fa26161ca40_0, 0, 128;
    %fork TD_tb_mesi_top.check, S_0x5fa261678210;
    %join;
    %pushi/vec4 72, 0, 8;
    %store/vec4 v0x5fa26161d0a0_0, 0, 8;
    %fork TD_tb_mesi_top.core0_read, S_0x5fa261643d80;
    %join;
    %load/vec4 v0x5fa26161a130_0;
    %store/vec4 v0x5fa2616d0190_0, 0, 8;
    %load/vec4 v0x5fa2616d0190_0;
    %pushi/vec4 205, 0, 8;
    %cmp/e;
    %flag_get/vec4 4;
    %store/vec4 v0x5fa26161c5e0_0, 0, 1;
    %pushi/vec4 2177471877, 0, 34;
    %concati/vec4 2446098825, 0, 32;
    %concati/vec4 2240654464, 0, 32;
    %concati/vec4 813187908, 0, 30;
    %store/vec4 v0x5fa26161ca40_0, 0, 128;
    %fork TD_tb_mesi_top.check, S_0x5fa261678210;
    %join;
    %fork TD_tb_mesi_top.idle_gap, S_0x5fa2616ce790;
    %join;
    %pushi/vec4 3369258194, 0, 33;
    %concati/vec4 3402121362, 0, 32;
    %concati/vec4 3706243812, 0, 32;
    %concati/vec4 3972717800, 0, 32;
    %concati/vec4 3537820736, 0, 32;
    %concati/vec4 2167715065, 0, 33;
    %concati/vec4 2567002370, 0, 33;
    %concati/vec4 153960019, 0, 29;
    %store/vec4 v0x5fa2616ceb00_0, 0, 256;
    %fork TD_tb_mesi_top.print_scenario, S_0x5fa2616ce970;
    %join;
    %vpi_call 2 407 "$display", "  Core1 reads 0x48 (Core0 has MODIFIED/dirty copy)" {0 0 0};
    %vpi_call 2 408 "$display", "  Core0 must writeback dirty data first" {0 0 0};
    %load/vec4 v0x5fa2616cf310_0;
    %addi 1, 0, 32;
    %store/vec4 v0x5fa2616cf310_0, 0, 32;
    %pushi/vec4 72, 0, 8;
    %store/vec4 v0x5fa2616b0e10_0, 0, 8;
    %fork TD_tb_mesi_top.core1_read, S_0x5fa261678590;
    %join;
    %load/vec4 v0x5fa2616b0f10_0;
    %store/vec4 v0x5fa2616d0270_0, 0, 8;
    %vpi_call 2 413 "$display", "  Core1 got data=0x%02h (should be Core0 dirty=0xCD)", v0x5fa2616d0270_0 {0 0 0};
    %load/vec4 v0x5fa2616d0270_0;
    %pushi/vec4 205, 0, 8;
    %cmp/e;
    %flag_get/vec4 4;
    %store/vec4 v0x5fa26161c5e0_0, 0, 1;
    %pushi/vec4 3538217202, 0, 33;
    %concati/vec4 2173797841, 0, 33;
    %concati/vec4 2223022273, 0, 32;
    %concati/vec4 943932457, 0, 30;
    %store/vec4 v0x5fa26161ca40_0, 0, 128;
    %fork TD_tb_mesi_top.check, S_0x5fa261678210;
    %join;
    %pushi/vec4 3, 0, 32;
T_24.6 %dup/vec4;
    %pushi/vec4 0, 0, 32;
    %cmp/s;
    %jmp/1xz T_24.7, 5;
    %jmp/1 T_24.7, 4;
    %pushi/vec4 1, 0, 32;
    %sub;
    %wait E_0x5fa2615773c0;
    %jmp T_24.6;
T_24.7 ;
    %pop/vec4 1;
    %pushi/vec4 1, 0, 2;
    %store/vec4 v0x5fa2616b1760_0, 0, 2;
    %pushi/vec4 0, 0, 1;
    %store/vec4 v0x5fa2616ce330_0, 0, 1;
    %fork TD_tb_mesi_top.get_mesi_core0, S_0x5fa2616ce0b0;
    %join;
    %load/vec4 v0x5fa2616ce290_0;
    %store/vec4 v0x5fa2616cf230_0, 0, 2;
    %load/vec4 v0x5fa2616cf230_0;
    %pushi/vec4 1, 0, 2;
    %cmp/e;
    %flag_get/vec4 4;
    %store/vec4 v0x5fa26161c5e0_0, 0, 1;
    %pushi/vec4 2173016529, 0, 34;
    %concati/vec4 2512945629, 0, 32;
    %concati/vec4 3383087509, 0, 32;
    %concati/vec4 576807787, 0, 30;
    %store/vec4 v0x5fa26161ca40_0, 0, 128;
    %fork TD_tb_mesi_top.check, S_0x5fa261678210;
    %join;
    %pushi/vec4 1, 0, 2;
    %store/vec4 v0x5fa2616ce5b0_0, 0, 2;
    %pushi/vec4 0, 0, 1;
    %store/vec4 v0x5fa2616ce6f0_0, 0, 1;
    %fork TD_tb_mesi_top.get_mesi_core1, S_0x5fa2616ce3d0;
    %join;
    %load/vec4 v0x5fa2616ce650_0;
    %store/vec4 v0x5fa2616cf230_0, 0, 2;
    %load/vec4 v0x5fa2616cf230_0;
    %pushi/vec4 1, 0, 2;
    %cmp/e;
    %flag_get/vec4 4;
    %store/vec4 v0x5fa26161c5e0_0, 0, 1;
    %pushi/vec4 2178786769, 0, 34;
    %concati/vec4 2692848073, 0, 32;
    %concati/vec4 2513281153, 0, 32;
    %concati/vec4 610366561, 0, 30;
    %store/vec4 v0x5fa26161ca40_0, 0, 128;
    %fork TD_tb_mesi_top.check, S_0x5fa261678210;
    %join;
    %pushi/vec4 5, 0, 32;
T_24.8 %dup/vec4;
    %pushi/vec4 0, 0, 32;
    %cmp/s;
    %jmp/1xz T_24.9, 5;
    %jmp/1 T_24.9, 4;
    %pushi/vec4 1, 0, 32;
    %sub;
    %wait E_0x5fa2615773c0;
    %jmp T_24.8;
T_24.9 ;
    %pop/vec4 1;
    %ix/load 4, 72, 0;
    %flag_set/imm 4, 0;
    %load/vec4a v0x5fa2616c8a50, 4;
    %pushi/vec4 205, 0, 8;
    %cmp/e;
    %flag_get/vec4 4;
    %store/vec4 v0x5fa26161c5e0_0, 0, 1;
    %pushi/vec4 2173806025, 0, 34;
    %concati/vec4 3521413521, 0, 32;
    %concati/vec4 2245100672, 0, 32;
    %concati/vec4 813187908, 0, 30;
    %store/vec4 v0x5fa26161ca40_0, 0, 128;
    %fork TD_tb_mesi_top.check, S_0x5fa261678210;
    %join;
    %fork TD_tb_mesi_top.idle_gap, S_0x5fa2616ce790;
    %join;
    %pushi/vec4 2625807506, 0, 33;
    %concati/vec4 2655022708, 0, 32;
    %concati/vec4 2165933489, 0, 33;
    %concati/vec4 3449061709, 0, 32;
    %concati/vec4 2709899685, 0, 32;
    %concati/vec4 3114041665, 0, 32;
    %concati/vec4 2780404917, 0, 32;
    %concati/vec4 275738215, 0, 30;
    %store/vec4 v0x5fa2616ceb00_0, 0, 256;
    %fork TD_tb_mesi_top.print_scenario, S_0x5fa2616ce970;
    %join;
    %vpi_call 2 442 "$display", "  Core0 writes 0x48, Core1 writes 0x49 (same cache line!)" {0 0 0};
    %vpi_call 2 443 "$display", "  Expect ping-pong: M->I->M->I..." {0 0 0};
    %pushi/vec4 72, 0, 8;
    %store/vec4 v0x5fa2615ba960_0, 0, 8;
    %pushi/vec4 17, 0, 8;
    %store/vec4 v0x5fa2616b0d00_0, 0, 8;
    %fork TD_tb_mesi_top.core0_write, S_0x5fa261678910;
    %join;
    %fork TD_tb_mesi_top.idle_gap, S_0x5fa2616ce790;
    %join;
    %vpi_call 2 447 "$display", "  Core0 wrote 0x11 to 0x48" {0 0 0};
    %pushi/vec4 1, 0, 2;
    %store/vec4 v0x5fa2616b1760_0, 0, 2;
    %pushi/vec4 0, 0, 1;
    %store/vec4 v0x5fa2616ce330_0, 0, 1;
    %fork TD_tb_mesi_top.get_mesi_core0, S_0x5fa2616ce0b0;
    %join;
    %load/vec4 v0x5fa2616ce290_0;
    %store/vec4 v0x5fa2616cf230_0, 0, 2;
    %load/vec4 v0x5fa2616cf230_0;
    %pushi/vec4 3, 0, 2;
    %cmp/e;
    %flag_get/vec4 4;
    %store/vec4 v0x5fa26161c5e0_0, 0, 1;
    %pushi/vec4 3637697738, 0, 33;
    %concati/vec4 2175121537, 0, 33;
    %concati/vec4 3572778132, 0, 34;
    %concati/vec4 105465156, 0, 28;
    %store/vec4 v0x5fa26161ca40_0, 0, 128;
    %fork TD_tb_mesi_top.check, S_0x5fa261678210;
    %join;
    %pushi/vec4 73, 0, 8;
    %store/vec4 v0x5fa2616b12e0_0, 0, 8;
    %pushi/vec4 34, 0, 8;
    %store/vec4 v0x5fa2616b14c0_0, 0, 8;
    %fork TD_tb_mesi_top.core1_write, S_0x5fa2616b10b0;
    %join;
    %fork TD_tb_mesi_top.idle_gap, S_0x5fa2616ce790;
    %join;
    %vpi_call 2 454 "$display", "  Core1 wrote 0x22 to 0x49 (same block as 0x48)" {0 0 0};
    %pushi/vec4 1, 0, 2;
    %store/vec4 v0x5fa2616ce5b0_0, 0, 2;
    %pushi/vec4 0, 0, 1;
    %store/vec4 v0x5fa2616ce6f0_0, 0, 1;
    %fork TD_tb_mesi_top.get_mesi_core1, S_0x5fa2616ce3d0;
    %join;
    %load/vec4 v0x5fa2616ce650_0;
    %store/vec4 v0x5fa2616cf230_0, 0, 2;
    %load/vec4 v0x5fa2616cf230_0;
    %pushi/vec4 3, 0, 2;
    %cmp/e;
    %flag_get/vec4 4;
    %store/vec4 v0x5fa26161c5e0_0, 0, 1;
    %pushi/vec4 3637697738, 0, 33;
    %concati/vec4 2175121537, 0, 33;
    %concati/vec4 3572778132, 0, 34;
    %concati/vec4 105465156, 0, 28;
    %store/vec4 v0x5fa26161ca40_0, 0, 128;
    %fork TD_tb_mesi_top.check, S_0x5fa261678210;
    %join;
    %pushi/vec4 3, 0, 32;
T_24.10 %dup/vec4;
    %pushi/vec4 0, 0, 32;
    %cmp/s;
    %jmp/1xz T_24.11, 5;
    %jmp/1 T_24.11, 4;
    %pushi/vec4 1, 0, 32;
    %sub;
    %wait E_0x5fa2615773c0;
    %jmp T_24.10;
T_24.11 ;
    %pop/vec4 1;
    %pushi/vec4 1, 0, 2;
    %store/vec4 v0x5fa2616b1760_0, 0, 2;
    %pushi/vec4 0, 0, 1;
    %store/vec4 v0x5fa2616ce330_0, 0, 1;
    %fork TD_tb_mesi_top.get_mesi_core0, S_0x5fa2616ce0b0;
    %join;
    %load/vec4 v0x5fa2616ce290_0;
    %store/vec4 v0x5fa2616cf230_0, 0, 2;
    %load/vec4 v0x5fa2616cf230_0;
    %pushi/vec4 0, 0, 2;
    %cmp/e;
    %flag_get/vec4 4;
    %store/vec4 v0x5fa26161c5e0_0, 0, 1;
    %pushi/vec4 3502433490, 0, 33;
    %concati/vec4 3704504544, 0, 32;
    %concati/vec4 3403465432, 0, 32;
    %concati/vec4 1954095401, 0, 31;
    %store/vec4 v0x5fa26161ca40_0, 0, 128;
    %fork TD_tb_mesi_top.check, S_0x5fa261678210;
    %join;
    %pushi/vec4 72, 0, 8;
    %store/vec4 v0x5fa2615ba960_0, 0, 8;
    %pushi/vec4 51, 0, 8;
    %store/vec4 v0x5fa2616b0d00_0, 0, 8;
    %fork TD_tb_mesi_top.core0_write, S_0x5fa261678910;
    %join;
    %fork TD_tb_mesi_top.idle_gap, S_0x5fa2616ce790;
    %join;
    %pushi/vec4 1, 0, 2;
    %store/vec4 v0x5fa2616b1760_0, 0, 2;
    %pushi/vec4 0, 0, 1;
    %store/vec4 v0x5fa2616ce330_0, 0, 1;
    %fork TD_tb_mesi_top.get_mesi_core0, S_0x5fa2616ce0b0;
    %join;
    %load/vec4 v0x5fa2616ce290_0;
    %store/vec4 v0x5fa2616cf230_0, 0, 2;
    %load/vec4 v0x5fa2616cf230_0;
    %pushi/vec4 3, 0, 2;
    %cmp/e;
    %flag_get/vec4 4;
    %store/vec4 v0x5fa26161c5e0_0, 0, 1;
    %pushi/vec4 3393242306, 0, 33;
    %concati/vec4 3335929936, 0, 32;
    %concati/vec4 2587935438, 0, 32;
    %concati/vec4 1634299433, 0, 31;
    %store/vec4 v0x5fa26161ca40_0, 0, 128;
    %fork TD_tb_mesi_top.check, S_0x5fa261678210;
    %join;
    %pushi/vec4 3, 0, 32;
T_24.12 %dup/vec4;
    %pushi/vec4 0, 0, 32;
    %cmp/s;
    %jmp/1xz T_24.13, 5;
    %jmp/1 T_24.13, 4;
    %pushi/vec4 1, 0, 32;
    %sub;
    %wait E_0x5fa2615773c0;
    %jmp T_24.12;
T_24.13 ;
    %pop/vec4 1;
    %pushi/vec4 1, 0, 2;
    %store/vec4 v0x5fa2616ce5b0_0, 0, 2;
    %pushi/vec4 0, 0, 1;
    %store/vec4 v0x5fa2616ce6f0_0, 0, 1;
    %fork TD_tb_mesi_top.get_mesi_core1, S_0x5fa2616ce3d0;
    %join;
    %load/vec4 v0x5fa2616ce650_0;
    %store/vec4 v0x5fa2616cf230_0, 0, 2;
    %load/vec4 v0x5fa2616cf230_0;
    %pushi/vec4 0, 0, 2;
    %cmp/e;
    %flag_get/vec4 4;
    %store/vec4 v0x5fa26161c5e0_0, 0, 1;
    %pushi/vec4 3049373113, 0, 34;
    %concati/vec4 2625736125, 0, 32;
    %concati/vec4 3113854409, 0, 32;
    %concati/vec4 761619497, 0, 30;
    %store/vec4 v0x5fa26161ca40_0, 0, 128;
    %fork TD_tb_mesi_top.check, S_0x5fa261678210;
    %join;
    %pushi/vec4 10, 0, 32;
T_24.14 %dup/vec4;
    %pushi/vec4 0, 0, 32;
    %cmp/s;
    %jmp/1xz T_24.15, 5;
    %jmp/1 T_24.15, 4;
    %pushi/vec4 1, 0, 32;
    %sub;
    %wait E_0x5fa2615773c0;
    %jmp T_24.14;
T_24.15 ;
    %pop/vec4 1;
    %vpi_call 2 481 "$display", "\000" {0 0 0};
    %vpi_call 2 482 "$display", "\342\225\224\342\225\220\342\225\220\342\225\220\342\225\220\342\225\220\342\225\220\342\225\220\342\225\220\342\225\220\342\225\220\342\225\220\342\225\220\342\225\220\342\225\220\342\225\220\342\225\220\342\225\220\342\225\220\342\225\220\342\225\220\342\225\220\342\225\220\342\225\220\342\225\220\342\225\220\342\225\220\342\225\220\342\225\220\342\225\220\342\225\220\342\225\220\342\225\220\342\225\220\342\225\220\342\225\220\342\225\220\342\225\220\342\225\220\342\225\220\342\225\220\342\225\220\342\225\220\342\225\227" {0 0 0};
    %vpi_call 2 483 "$display", "\342\225\221           SIMULATION COMPLETE            \342\225\221" {0 0 0};
    %vpi_call 2 484 "$display", "\342\225\240\342\225\220\342\225\220\342\225\220\342\225\220\342\225\220\342\225\220\342\225\220\342\225\220\342\225\220\342\225\220\342\225\220\342\225\220\342\225\220\342\225\220\342\225\220\342\225\220\342\225\220\342\225\220\342\225\220\342\225\220\342\225\220\342\225\220\342\225\220\342\225\220\342\225\220\342\225\220\342\225\220\342\225\220\342\225\220\342\225\220\342\225\220\342\225\220\342\225\220\342\225\220\342\225\220\342\225\220\342\225\220\342\225\220\342\225\220\342\225\220\342\225\220\342\225\220\342\225\243" {0 0 0};
    %vpi_call 2 485 "$display", "\342\225\221  Total Tests : %2d                        \342\225\221", v0x5fa2616d0500_0 {0 0 0};
    %vpi_call 2 486 "$display", "\342\225\221  PASSED      : %2d                        \342\225\221", v0x5fa2616cf3f0_0 {0 0 0};
    %vpi_call 2 487 "$display", "\342\225\221  FAILED      : %2d                        \342\225\221", v0x5fa2616cf090_0 {0 0 0};
    %vpi_call 2 488 "$display", "\342\225\240\342\225\220\342\225\220\342\225\220\342\225\220\342\225\220\342\225\220\342\225\220\342\225\220\342\225\220\342\225\220\342\225\220\342\225\220\342\225\220\342\225\220\342\225\220\342\225\220\342\225\220\342\225\220\342\225\220\342\225\220\342\225\220\342\225\220\342\225\220\342\225\220\342\225\220\342\225\220\342\225\220\342\225\220\342\225\220\342\225\220\342\225\220\342\225\220\342\225\220\342\225\220\342\225\220\342\225\220\342\225\220\342\225\220\342\225\220\342\225\220\342\225\220\342\225\220\342\225\243" {0 0 0};
    %vpi_call 2 489 "$display", "\342\225\221  Total Cycles: %0d                      \342\225\221", v0x5fa2616cec40_0 {0 0 0};
    %vpi_call 2 490 "$display", "\342\225\221  Cache Hits  : %0d                        \342\225\221", v0x5fa2616cf150_0 {0 0 0};
    %vpi_call 2 491 "$display", "\342\225\221  Cache Misses: %0d                        \342\225\221", v0x5fa2616cf310_0 {0 0 0};
    %load/vec4 v0x5fa2616cf150_0;
    %muli 100, 0, 32;
    %load/vec4 v0x5fa2616cf150_0;
    %load/vec4 v0x5fa2616cf310_0;
    %add;
    %div/s;
    %vpi_call 2 492 "$display", "\342\225\221  Hit Rate    : %0d%%                       \342\225\221", S<0,vec4,s32> {1 0 0};
    %vpi_call 2 494 "$display", "\342\225\232\342\225\220\342\225\220\342\225\220\342\225\220\342\225\220\342\225\220\342\225\220\342\225\220\342\225\220\342\225\220\342\225\220\342\225\220\342\225\220\342\225\220\342\225\220\342\225\220\342\225\220\342\225\220\342\225\220\342\225\220\342\225\220\342\225\220\342\225\220\342\225\220\342\225\220\342\225\220\342\225\220\342\225\220\342\225\220\342\225\220\342\225\220\342\225\220\342\225\220\342\225\220\342\225\220\342\225\220\342\225\220\342\225\220\342\225\220\342\225\220\342\225\220\342\225\220\342\225\235" {0 0 0};
    %load/vec4 v0x5fa2616cf090_0;
    %cmpi/e 0, 0, 32;
    %jmp/0xz  T_24.16, 4;
    %vpi_call 2 497 "$display", "\012  *** ALL TESTS PASSED \342\200\224 DESIGN CORRECT ***\012" {0 0 0};
    %jmp T_24.17;
T_24.16 ;
    %vpi_call 2 499 "$display", "\012  *** %0d TEST(S) FAILED \342\200\224 CHECK ABOVE ***\012", v0x5fa2616cf090_0 {0 0 0};
T_24.17 ;
    %vpi_call 2 501 "$finish" {0 0 0};
    %end;
    .thread T_24;
    .scope S_0x5fa261679860;
T_25 ;
    %delay 200000000, 0;
    %vpi_call 2 507 "$display", "[WATCHDOG] Simulation exceeded 200000ns \342\200\224 force quit" {0 0 0};
    %vpi_call 2 508 "$finish" {0 0 0};
    %end;
    .thread T_25;
# The file index is used to find the file name in the following table.
:file_names 9;
    "N/A";
    "<interactive>";
    "tb/tb_mesi_top.v";
    "rtl/top.v";
    "rtl/bus_arbiter.v";
    "rtl/bus_interface.v";
    "rtl/cache_array.v";
    "rtl/mesi_controller.v";
    "rtl/memory_controller.v";
